Contour Area,Mean,Blinking,Emotion,Music
,,,,
399,nan,1,5,1
,,,,
399,38.55279,0,5,1
,,,,
399,26.916092,1,3,1
,,,,
306,38.89588,1,5,1
,,,,
399,46.346275,0,5,1
,,,,
399,51.565556,1,5,1
,,,,
335,44.484764,1,5,1
,,,,
399,48.811817,1,3,1
,,,,
335,52.23445,1,5,1
,,,,
370,47.081715,1,5,1
,,,,
304,43.039562,0,5,1
,,,,
335,41.211754,1,3,1
,,,,
304,42.67876,1,5,1
,,,,
304,41.2941,0,5,1
,,,,
304,39.82125,0,5,1
,,,,
304,38.383427,1,5,1
,,,,
335,38.394154,0,5,1
,,,,
374,40.831543,0,3,1
,,,,
368,42.794434,1,5,1
,,,,
399,44.53457,1,5,1
,,,,
399,46.19228,1,5,1
,,,,
312,47.733288,0,3,1
,,,,
310,45.559944,1,5,1
,,,,
306,43.557613,1,5,1
,,,,
342.5,41.900368,0,5,1
,,,,
335,40.25427,0,5,1
,,,,
306,38.697685,0,5,1
,,,,
370,37.995842,0,5,1
,,,,
399,39.462795,1,5,1
,,,,
306,38.19514,0,5,1
,,,,
335,36.975273,0,5,1
,,,,
306,36.466934,0,5,1
,,,,
348,37.626823,1,5,1
,,,,
304,36.562065,1,5,1
,,,,
310,36.562065,1,5,1
,,,,
399,36.03687,1,5,1
,,,,
304,37.150696,0,5,1
,,,,
399,36.08552,1,5,1
,,,,
335,35.05969,0,5,1
,,,,
335,34.10676,0,5,1
,,,,
318,33.23432,0,5,1
,,,,
335,33.23432,0,5,1
,,,,
399,34.338364,1,5,1
,,,,
399,35.410145,1,5,1
,,,,
399,34.58468,1,5,1
,,,,
399,35.611874,1,5,1
,,,,
370,36.59894,1,5,1
,,,,
335,35.787064,1,5,1
,,,,
399,34.992435,0,5,1
,,,,
335,34.2767,1,5,1
,,,,
399,35.24961,1,5,1
,,,,
399,36.180687,1,5,1
,,,,
345,35.51547,1,5,1
,,,,
343,34.821545,1,5,1
,,,,
399,nan,1,5,1
,,,,
335,nan,1,5,1
,,,,
337,nan,1,5,1
,,,,
335,37.390697,0,5,1
,,,,
399,25.672487,0,5,1
,,,,
335,44.95034,1,5,1
,,,,
399,33.17483,1,5,1
,,,,
399,29.204756,0,5,1
,,,,
310,37.526955,0,5,1
,,,,
335,34.57896,0,5,1
,,,,
399,37.33086,0,5,1
,,,,
399,34.53618,0,5,1
,,,,
399,32.453964,1,3,1
,,,,
399,33.1997,0,3,1
,,,,
368,35.897186,0,5,1
,,,,
399,34.427006,1,5,1
,,,,
335,35.023983,0,3,1
,,,,
399,32.112713,0,3,1
,,,,
335,28.4852,0,3,1
,,,,
335,31.850405,1,3,1
,,,,
368,29.808039,1,5,1
,,,,
335,28.888973,1,3,1
,,,,
399,30.258497,1,3,1
,,,,
399,30.88896,1,3,1
,,,,
399,29.327393,1,5,1
,,,,
335,27.82321,1,5,1
,,,,
399,30.383097,1,5,1
,,,,
399,34.13391,0,5,1
,,,,
399,32.70231,1,5,1
,,,,
368,32.027794,0,5,1
,,,,
335,33.037727,0,5,1
,,,,
335,32.409122,1,3,1
,,,,
399,31.805662,0,3,1
,,,,
368,32.13074,1,5,1
,,,,
335,30.98212,1,4,1
,,,,
399,30.436993,1,5,1
,,,,
335,31.308252,0,5,1
,,,,
399,31.65522,0,5,1
,,,,
335,31.135641,0,5,1
,,,,
368,30.189823,0,5,1
,,,,
335,29.304058,0,5,1
,,,,
399,30.900461,0,5,1
,,,,
399,32.340984,0,5,1
,,,,
399,33.65592,1,5,1
,,,,
335,32.77085,0,5,1
,,,,
399,31.943737,0,5,1
,,,,
399,31.550287,0,5,1
,,,,
335,32.691193,1,5,1
,,,,
368,31.91706,1,5,1
,,,,
399,31.525705,1,5,1
,,,,
306,32.454674,1,3,1
,,,,
342.5,32.07108,1,5,1
,,,,
399,31.341158,0,5,1
,,,,
368,31.766272,1,5,1
,,,,
368,31.859816,0,5,1
,,,,
399,31.53186,1,3,1
,,,,
399,32.402405,0,3,1
,,,,
399,33.28823,1,5,1
,,,,
399,34.167988,0,3,1
,,,,
335,35.10298,0,3,1
,,,,
335,34.434296,1,5,1
,,,,
335,33.824005,0,5,1
,,,,
335,33.550434,1,5,1
,,,,
335,33.76176,0,5,1
,,,,
304,33.1842,0,5,1
,,,,
335,32.645866,0,5,1
,,,,
399,33.378704,1,5,1
,,,,
335,33.76607,0,5,1
,,,,
384,33.513733,0,3,1
,,,,
399,33.645714,0,5,1
,,,,
399,33.119755,0,5,1
,,,,
399,32.59272,0,5,1
,,,,
335,32.095238,1,5,1
,,,,
335,31.873236,1,5,1
,,,,
387,32.158623,0,5,1
,,,,
306.5,31.930822,0,5,1
,,,,
399,31.69426,0,5,1
,,,,
335,31.450459,0,5,1
,,,,
399,31.210379,1,5,1
,,,,
335,31.278019,0,5,1
,,,,
335,30.829456,0,5,1
,,,,
399,30.422031,1,5,1
,,,,
335,30.00465,1,5,1
,,,,
335,29.819782,0,3,1
,,,,
348,30.107227,0,3,1
,,,,
399,29.926697,1,3,1
,,,,
342.5,29.717419,1,3,1
,,,,
368,29.644358,1,3,1
,,,,
399,29.463102,1,3,1
,,,,
399,29.76567,1,3,1
,,,,
318.5,29.804632,0,3,1
,,,,
399,29.60725,1,3,1
,,,,
317.5,30.112257,1,5,1
,,,,
399,30.635273,0,3,1
,,,,
399,30.870098,1,5,1
,,,,
335,30.70196,1,5,1
,,,,
399,30.78859,1,5,1
,,,,
399,30.060127,0,5,1
,,,,
399,29.720987,0,5,1
,,,,
304,29.389,1,5,1
,,,,
368,29.890669,0,5,1
,,,,
399,30.139837,1,5,1
,,,,
399,29.97666,1,5,1
,,,,
399,29.814005,1,5,1
,,,,
304,29.906216,0,5,1
,,,,
368,29.595148,1,5,1
,,,,
335,30.09604,0,5,1
,,,,
399,30.56969,1,5,1
,,,,
399,30.23376,1,5,1
,,,,
399,29.90513,1,5,1
,,,,
399,29.596552,1,5,1
,,,,
343,29.289219,0,5,1
,,,,
399,28.99888,0,5,1
,,,,
306,28.71887,0,5,1
,,,,
335,28.435246,0,5,1
,,,,
335,28.21192,0,5,1
,,,,
335,27.953396,0,5,1
,,,,
387,28.38375,1,5,1
,,,,
399,28.119623,1,5,1
,,,,
399,27.865864,0,5,1
,,,,
335,28.276121,1,1,1
,,,,
335,28.153183,0,5,1
,,,,
335,27.914326,1,1,1
,,,,
399,28.337528,0,4,1
,,,,
399,28.748968,0,5,1
,,,,
399,29.148647,1,5,1
,,,,
399,28.891123,1,4,1
,,,,
399,28.640976,0,5,1
,,,,
399,29.029629,0,4,1
,,,,
399,28.798296,0,5,1
,,,,
399,29.187735,1,5,1
,,,,
374,28.71561,1,5,1
,,,,
335,28.481,1,3,1
,,,,
317.5,28.25826,0,3,1
,,,,
348,28.03655,1,3,1
,,,,
335,27.808393,1,5,1
,,,,
317,27.58824,0,5,1
,,,,
335,27.36759,1,3,1
,,,,
399,26.9371,1,3,1
,,,,
335,26.737514,0,3,1
,,,,
381,26.642452,0,3,1
,,,,
335,27.006449,1,3,1
,,,,
399,27.373137,0,3,1
,,,,
399,27.73351,0,3,1
,,,,
350.5,27.63352,0,3,1
,,,,
335,27.430147,0,3,1
,,,,
399,27.227652,0,3,1
,,,,
399,27.392601,1,3,1
,,,,
399,27.458977,1,3,1
,,,,
399,27.797485,1,3,1
,,,,
335,27.964708,0,3,1
,,,,
399,27.864893,0,3,1
,,,,
399,27.775972,0,3,1
,,,,
335,27.685783,1,3,1
,,,,
304,27.756018,0,3,1
,,,,
399,27.570549,1,3,1
,,,,
399,27.386007,0,3,1
,,,,
371,27.294552,0,3,1
,,,,
306,27.614769,1,3,1
,,,,
399,27.520521,0,5,1
,,,,
304,27.687721,1,3,1
,,,,
399,27.592407,1,3,1
,,,,
335,27.499247,0,5,1
,,,,
399,27.405277,1,3,1
,,,,
399,27.319038,0,3,1
399,nan,1,5,1
,,,,
310,72.655594,1,5,1
,,,,
335,71.45879,1,3,1
,,,,
399,44.14711,1,3,1
,,,,
399,37.496365,0,3,1
,,,,
399,32.854027,0,3,1
,,,,
399,34.278225,1,3,1
,,,,
399,38.153145,0,3,1
,,,,
399,39.138058,1,3,1
,,,,
370,33.849953,0,3,1
,,,,
306,31.804108,1,3,1
,,,,
368,34.71094,0,3,1
,,,,
335,34.968704,0,3,1
,,,,
368,31.733637,1,3,1
,,,,
335,29.448553,1,5,1
,,,,
304,27.439363,1,5,1
,,,,
335,30.684164,1,3,1
,,,,
304,28.572298,0,3,1
,,,,
399,31.238523,1,3,1
,,,,
335,33.512268,0,3,1
,,,,
399,32.606007,1,3,1
,,,,
399,33.535095,1,3,1
,,,,
399,32.64084,1,3,1
,,,,
368,32.71753,0,3,1
,,,,
306,31.11223,1,3,1
,,,,
335,32.89087,1,3,1
,,,,
335,32.13156,0,3,1
,,,,
399,30.851204,1,3,1
,,,,
335,32.5766,1,3,1
,,,,
399,31.286661,0,3,1
,,,,
337,30.083479,1,5,1
,,,,
399,31.63861,0,3,1
,,,,
399,33.078682,0,3,1
,,,,
374,32.667076,0,3,1
,,,,
370,33.515095,1,3,1
,,,,
399,33.085976,1,3,1
,,,,
335,33.338634,0,3,1
,,,,
399,34.629784,0,3,1
,,,,
399,35.059856,0,3,1
,,,,
399,35.764435,0,3,1
,,,,
399,36.10705,1,5,1
,,,,
335,35.772636,0,5,1
,,,,
399,35.809677,1,5,1
,,,,
304,34.8883,0,3,1
,,,,
399,35.453632,1,3,1
,,,,
335,35.443687,1,5,1
,,,,
335,35.98147,0,5,1
,,,,
370,35.969654,1,5,1
,,,,
335,36.91075,0,3,1
,,,,
399,36.040936,0,5,1
,,,,
306,36.91963,1,5,1
,,,,
399,37.768818,1,5,1
,,,,
304,36.939728,0,5,1
,,,,
399,37.759907,0,5,1
,,,,
304,38.543987,0,5,1
,,,,
335,37.81477,1,5,1
,,,,
335,37.09142,1,5,1
,,,,
335,36.362873,1,3,1
,,,,
335,37.121067,0,3,1
,,,,
335,37.51405,0,3,1
,,,,
399,37.180138,0,3,1
,,,,
306,36.56985,1,3,1
,,,,
399,36.27013,1,3,1
,,,,
335,36.701775,1,1,1
,,,,
399,36.39246,0,3,1
,,,,
335,36.120968,1,3,1
,,,,
335,35.927197,0,3,1
,,,,
399,36.05837,0,5,1
,,,,
335,36.39719,1,3,1
,,,,
335,36.09488,0,3,1
,,,,
335,35.805996,1,3,1
,,,,
335,35.84436,1,3,1
,,,,
335,36.466694,1,3,1
,,,,
399,37.05996,0,3,1
,,,,
335,36.477013,0,3,1
,,,,
306,37.034286,1,3,1
,,,,
306,37.597294,1,5,1
,,,,
306,37.03454,0,3,1
,,,,
306,36.483345,0,3,1
,,,,
370,36.220116,1,5,1
,,,,
304,36.751587,0,5,1
,,,,
335,36.23109,1,5,1
,,,,
337,35.466904,1,5,1
,,,,
335,35.247715,1,5,1
,,,,
335,35.247715,0,5,1
,,,,
335,35.517426,1,5,1
,,,,
304,35.747852,0,5,1
,,,,
337,36.010384,0,5,1
,,,,
317,36.024178,1,5,1
,,,,
370,35.78263,0,3,1
,,,,
342.5,36.023846,0,5,1
,,,,
370,36.03868,0,5,1
,,,,
337,35.8063,1,3,1
,,,,
368,36.040924,1,5,1
,,,,
335,36.033855,0,3,1
,,,,
342.5,35.57887,1,3,1
,,,,
335,35.578934,1,3,1
,,,,
399,35.36132,0,3,1
,,,,
335,35.150173,1,3,1
,,,,
399,34.94899,0,3,1
,,,,
310,34.73056,1,3,1
,,,,
399,34.514843,1,3,1
,,,,
335,34.533752,0,3,1
,,,,
304,34.78087,1,3,1
,,,,
399,34.591927,1,3,1
,,,,
399,34.39206,1,3,1
,,,,
335,34.204082,0,3,1
,,,,
335,34.00644,0,3,1
,,,,
335,33.805218,1,3,1
,,,,
335,33.629894,1,3,1
,,,,
399,33.446304,1,3,1
,,,,
399,33.26485,0,3,1
,,,,
399,33.279213,1,3,1
,,,,
337,33.09476,1,3,1
,,,,
311.5,33.283268,0,3,1
,,,,
399,33.1314,0,3,1
,,,,
335,32.961163,1,3,1
,,,,
335,32.802002,1,3,1
,,,,
399,32.632195,1,3,1
,,,,
399,32.459717,1,3,1
,,,,
399,32.28686,0,3,1
,,,,
335,32.12589,0,3,1
,,,,
304,32.12589,0,3,1
,,,,
335,32.12589,0,3,1
,,,,
368,32.186687,0,3,1
,,,,
368,31.900364,1,3,1
,,,,
304,31.59644,1,3,1
,,,,
399,32.025375,1,3,1
,,,,
399,31.70816,0,3,1
,,,,
352,31.70816,0,5,1
,,,,
335,32.112488,1,5,1
,,,,
399,31.83071,1,5,1
,,,,
335,32.22483,1,5,1
,,,,
306.5,32.41499,1,5,1
,,,,
335,32.2786,0,5,1
,,,,
335,32.2786,1,5,1
,,,,
335,32.147667,0,5,1
,,,,
399,32.004883,0,5,1
,,,,
399,31.8578,0,5,1
,,,,
337,31.895206,0,5,1
,,,,
335,32.26685,1,5,1
,,,,
335,32.11725,0,5,1
,,,,
335,32.312057,1,5,1
,,,,
368,32.35281,0,5,1
,,,,
335,32.205616,1,5,1
,,,,
335,31.919186,0,5,1
,,,,
399,31.631516,0,5,1
,,,,
376,31.785463,0,5,1
,,,,
399,31.830502,0,5,1
,,,,
368,32.16595,0,5,1
,,,,
335,32.33612,0,5,1
,,,,
399,32.36921,1,5,1
,,,,
335,32.09025,1,5,1
,,,,
356,31.82926,0,5,1
,,,,
348,31.5717,1,5,1
,,,,
337,31.451155,0,5,1
,,,,
335,31.592054,0,5,1
,,,,
310,31.627563,1,5,1
,,,,
304,31.381037,0,5,1
,,,,
310,31.142876,1,5,1
,,,,
335,31.01728,1,5,1
,,,,
399,31.340464,1,5,1
,,,,
335,31.11156,1,5,1
,,,,
399,30.874882,0,5,1
,,,,
335,30.770523,1,5,1
,,,,
335,30.917692,0,5,1
,,,,
335,30.959259,1,5,1
,,,,
399,31.270267,0,5,1
,,,,
335,31.408617,1,5,1
,,,,
335,31.296095,0,5,1
,,,,
310,31.328964,1,5,1
,,,,
335,31.119234,0,5,1
,,,,
335,30.898426,1,5,1
,,,,
335,30.783873,0,3,1
,,,,
304,30.937613,0,3,1
,,,,
399,30.966278,0,3,1
,,,,
306,30.740969,0,3,1
,,,,
304,30.763588,0,3,1
,,,,
304,30.789568,1,3,1
,,,,
335,30.681171,1,3,1
,,,,
368,30.96224,1,3,1
,,,,
335,30.744333,0,3,1
,,,,
399,nan,0,5,1
,,,,
335,69.24284,0,3,1
,,,,
317.5,55.594276,0,3,1
,,,,
335,51.09759,0,5,1
,,,,
335,37.70512,1,3,1
,,,,
399,41.30272,1,3,1
,,,,
399,41.11928,1,3,1
,,,,
335,35.825268,0,3,1
,,,,
304,31.954155,1,3,1
,,,,
335,29.04923,1,3,1
,,,,
399,32.91991,1,5,1
,,,,
399,35.94856,1,5,1
,,,,
304,38.52468,0,5,1
,,,,
335,35.79086,0,3,1
,,,,
399,33.391487,0,5,1
,,,,
368,32.823566,0,5,1
,,,,
399,31.127157,0,5,1
,,,,
399,30.346317,0,5,1
,,,,
399,32.306034,1,5,1
,,,,
331.5,30.809061,1,5,1
,,,,
335,29.422594,0,5,1
,,,,
335,28.203812,1,5,1
,,,,
399,27.113483,1,5,1
,,,,
306,26.064533,1,5,1
,,,,
370,25.193935,0,5,1
,,,,
375.5,24.75244,0,5,1
,,,,
399,25.539808,0,5,1
,,,,
317,25.845583,1,5,1
,,,,
306,25.05746,0,5,1
,,,,
317,26.52028,0,5,1
,,,,
337,25.68355,0,5,1
,,,,
399,27.031725,0,5,1
,,,,
306,26.221735,0,5,1
,,,,
335,25.534729,1,5,1
,,,,
343,25.200813,1,5,1
,,,,
368,26.39647,1,5,1
,,,,
337,27.554657,0,5,1
,,,,
335,26.859264,1,5,1
,,,,
370,27.94433,0,4,1
,,,,
399,26.617746,1,3,1
,,,,
399,25.997976,0,5,1
,,,,
370,25.432217,1,5,1
,,,,
306,24.894321,0,5,1
,,,,
318.5,25.910118,1,5,1
,,,,
399,25.36767,0,5,1
,,,,
335,24.864809,0,5,1
,,,,
368,25.81587,0,3,1
,,,,
335,26.726702,0,3,1
,,,,
399,27.610783,1,3,1
,,,,
399,27.07271,0,3,1
,,,,
399,26.087494,0,3,1
,,,,
306,26.8811,0,3,1
,,,,
304,26.409492,1,3,1
,,,,
370,26.801292,0,3,1
,,,,
399,26.570501,0,3,1
,,,,
399,26.349146,0,3,1
,,,,
335,26.150698,1,3,1
,,,,
337,25.928125,1,3,1
,,,,
335,25.713093,1,3,1
,,,,
342.5,25.874208,1,3,1
,,,,
337,26.252876,1,5,1
,,,,
335,26.393047,1,4,1
,,,,
399,27.100462,0,5,1
,,,,
335,27.777224,0,3,1
,,,,
399,27.577406,0,3,1
,,,,
399,28.25382,1,3,1
,,,,
399,27.922281,0,5,1
,,,,
372,28.560865,0,5,1
,,,,
317.5,28.249758,0,3,1
,,,,
363,28.045053,1,4,1
,,,,
399,27.750729,1,3,1
,,,,
335,27.524933,1,5,1
,,,,
335,28.171314,0,5,1
,,,,
399,28.8079,1,3,1
,,,,
335.5,28.46447,1,3,1
,,,,
306,29.072607,0,3,1
,,,,
335,29.677444,0,3,1
,,,,
335,30.270845,1,4,1
,,,,
335,30.860172,1,5,1
,,,,
335,30.603416,1,5,1
,,,,
399,30.33318,0,5,1
,,,,
317.5,31.494984,1,1,1
,,,,
335,31.121058,0,3,1
,,,,
399,30.242577,0,5,1
,,,,
399,30.532429,0,5,1
,,,,
399,30.601545,0,5,1
,,,,
399,30.284845,0,3,1
,,,,
323,30.480806,1,3,1
,,,,
396.5,30.375435,1,4,1
,,,,
317.5,30.248657,0,3,1
,,,,
399,30.325998,0,5,1
,,,,
399,nan,1,3,1
,,,,
399,nan,0,5,1
,,,,
399,nan,1,5,1
,,,,
304,nan,0,5,1
,,,,
335,68.88396,0,3,1
,,,,
304,55.542927,0,3,1
,,,,
304,42.23422,1,5,1
,,,,
368,43.591343,0,3,1
,,,,
399,41.06669,0,5,1
,,,,
304,42.874485,1,5,1
,,,,
304,40.507324,0,3,1
,,,,
381,38.51914,1,3,1
,,,,
348,36.614887,0,3,1
,,,,
357,37.04988,0,3,1
,,,,
337,35.352943,1,3,1
,,,,
399,37.071945,1,3,1
,,,,
391,37.073082,0,3,1
,,,,
356.5,38.55987,0,3,1
,,,,
368,37.162804,0,3,1
,,,,
399,35.903526,0,3,1
,,,,
335,36.16078,0,3,1
,,,,
399,34.021076,0,5,1
,,,,
399,33.002113,0,5,1
,,,,
337,34.431023,1,5,1
,,,,
399,33.48411,0,5,1
,,,,
399,33.801674,1,5,1
,,,,
399,30.074896,1,3,1
,,,,
335,28.91712,1,3,1
,,,,
335,27.849878,1,3,1
,,,,
335,28.795158,0,3,1
,,,,
335,29.280088,1,3,1
,,,,
399,28.274197,0,3,1
,,,,
377,27.299662,0,5,1
,,,,
304,29.072577,0,5,1
,,,,
335,30.744888,0,5,1
,,,,
399,29.791307,1,1,1
,,,,
335,31.324081,1,5,1
,,,,
399,31.0991,1,1,1
,,,,
399,30.939064,0,3,1
,,,,
399,29.495512,1,1,1
,,,,
399,28.855158,0,1,1
,,,,
335,27.93897,1,3,1
,,,,
399,28.560432,0,3,1
,,,,
317.5,28.261292,0,3,1
,,,,
337,27.95964,0,3,1
,,,,
337,27.660088,0,3,1
,,,,
306,27.378109,0,3,1
,,,,
348,27.09139,1,3,1
,,,,
310,26.810839,1,3,1
,,,,
348,27.100111,1,3,1
,,,,
368,26.841105,1,3,1
,,,,
335,27.409817,1,3,1
,,,,
370,27.704393,0,3,1
,,,,
304,28.771173,0,3,1
,,,,
370,29.826033,1,3,1
,,,,
323,29.591022,0,3,1
,,,,
304,30.055958,0,3,1
,,,,
337,29.785753,1,3,1
,,,,
342.5,30.023964,0,1,1
,,,,
348,30.48389,1,1,1
,,,,
304,30.227093,0,3,1
,,,,
370,nan,0,5,1
,,,,
306,6.0299892,0,5,1
,,,,
306,28.742899,1,5,1
,,,,
399,31.458591,0,5,1
,,,,
399,38.410664,1,5,1
,,,,
370,38.483315,1,5,1
,,,,
306,45.820045,1,1,1
,,,,
380,38.780228,1,3,1
,,,,
368,36.0279,0,1,1
,,,,
342.5,38.747913,1,3,1
,,,,
348,38.744453,0,3,1
,,,,
381,42.89303,1,5,1
,,,,
387.5,37.178314,0,3,1
,,,,
317,38.947716,0,5,1
,,,,
348,37.297813,0,3,1
,,,,
304,35.83691,1,3,1
,,,,
306,36.136837,1,3,1
,,,,
338,39.063053,0,3,1
,,,,
393,36.492184,0,1,1
,,,,
370,39.02901,0,5,1
,,,,
306,40.18142,0,3,1
,,,,
317.5,39.029022,1,5,1
,,,,
338,37.954315,0,5,1
,,,,
399,36.927807,0,5,1
,,,,
337,35.46956,1,5,1
,,,,
387,34.667942,0,3,1
,,,,
335,33.199055,0,1,1
,,,,
335,32.477337,0,5,1
,,,,
376,31.217285,0,5,1
,,,,
376,30.625832,1,5,1
,,,,
399,30.069883,0,5,1
,,,,
304,29.567966,1,5,1
,,,,
399,29.995396,1,5,1
,,,,
306,nan,0,5,1
,,,,
375.5,nan,1,3,1
,,,,
399,6.4031243,0,3,1
,,,,
399,6.4031243,0,1,1
,,,,
335,6.4031243,0,3,1
,,,,
304,7.009449,1,3,1
,,,,
310,26.22574,1,3,1
,,,,
399,44.173283,0,3,1
,,,,
335,34.843487,0,3,1
,,,,
335,31.527544,1,3,1
,,,,
399,39.18729,1,3,1
,,,,
399,36.448727,0,3,1
,,,,
399,42.19775,0,3,1
,,,,
399,46.5683,1,3,1
,,,,
399,41.62938,1,3,1
,,,,
342.5,45.12981,1,3,1
,,,,
399,41.34308,0,3,1
,,,,
399,38.115993,1,3,1
,,,,
306,35.34692,1,3,1
,,,,
399,32.929283,1,3,1
,,,,
317.5,30.886545,0,5,1
,,,,
335,29.124836,0,3,1
,,,,
399,27.524212,1,3,1
,,,,
335,30.248705,1,3,1
,,,,
304,28.7093,0,3,1
,,,,
335,31.081287,0,3,1
,,,,
335,33.274223,0,5,1
,,,,
304,31.91695,1,3,1
,,,,
335,30.6701,0,3,1
,,,,
335,31.704983,1,3,1
,,,,
399,31.88784,0,3,1
,,,,
335,30.815748,0,3,1
,,,,
335,32.4771,0,3,1
,,,,
374,31.413792,1,5,1
,,,,
399,30.406261,0,3,1
,,,,
399,31.95651,0,3,1
,,,,
399,33.373394,0,3,1
,,,,
337,34.66849,1,3,1
,,,,
399,35.896645,0,5,1
,,,,
399,34.91818,1,3,1
,,,,
335,36.110836,1,3,1
,,,,
399,37.2379,0,5,1
,,,,
335,38.274117,1,3,1
,,,,
399,39.227993,0,3,1
,,,,
304,38.759274,0,3,1
,,,,
399,39.702873,1,3,1
,,,,
399,39.25094,0,3,1
,,,,
335,40.162434,1,3,1
,,,,
304,39.749775,0,3,1
,,,,
399,39.010517,1,3,1
,,,,
335,38.211918,0,3,1
,,,,
399,38.57935,1,3,1
,,,,
399,38.683422,0,3,1
,,,,
348,39.055534,1,3,1
,,,,
304,39.041027,1,3,1
,,,,
335,38.631985,1,3,1
,,,,
337,39.39029,0,3,1
,,,,
335,38.99039,0,3,1
,,,,
348,39.677055,0,3,1
,,,,
304,39.29056,0,3,1
,,,,
335,38.576675,1,3,1
,,,,
304,37.851055,0,3,1
,,,,
335,37.19397,1,3,1
,,,,
399,37.903446,1,3,1
,,,,
304,37.23392,1,3,1
,,,,
335,36.908287,0,3,1
,,,,
323,37.216434,1,5,1
,,,,
342.5,37.213154,1,5,1
,,,,
399,36.895496,0,5,1
,,,,
304,37.21867,1,5,1
,,,,
306,37.879463,1,5,1
,,,,
335,38.48654,0,5,1
,,,,
399,38.755867,1,3,1
,,,,
368,38.775932,0,3,1
,,,,
399,39.32896,0,3,1
,,,,
399,39.019283,1,3,1
,,,,
343.5,38.959743,0,3,1
,,,,
343,38.39204,1,3,1
,,,,
304,38.9085,1,3,1
,,,,
317.5,39.40986,1,3,1
,,,,
337,38.8589,1,3,1
,,,,
348,38.588478,1,3,1
,,,,
399,38.813076,1,3,1
,,,,
399,38.813076,0,3,1
,,,,
399,38.567913,0,3,1
,,,,
399,38.570023,1,3,1
,,,,
399,38.82168,1,3,1
,,,,
399,38.798058,0,3,1
,,,,
335,39.292725,0,3,1
,,,,
335,39.76747,1,3,1
,,,,
399,39.268784,0,3,1
,,,,
399,38.798256,1,3,1
,,,,
399,38.31939,1,3,1
,,,,
399,38.54628,1,3,1
,,,,
368,38.533585,1,3,1
,,,,
399,38.08547,0,3,1
,,,,
335,38.51839,0,3,1
,,,,
337,38.922623,0,3,1
,,,,
399,38.70153,0,3,1
,,,,
399,38.90605,0,3,1
,,,,
399,38.885597,0,1,1
,,,,
304,39.086536,1,3,1
,,,,
335,38.87092,1,3,1
,,,,
335,38.65779,1,3,1
,,,,
304,38.44847,0,5,1
,,,,
335,38.405994,1,3,1
,,,,
399,38.042755,1,3,1
,,,,
399,37.84272,0,3,1
,,,,
335,38.00619,0,3,1
,,,,
335,37.813686,1,3,1
,,,,
335,37.782265,1,3,1
,,,,
335,37.582363,0,3,1
,,,,
399,37.189003,0,3,1
,,,,
399,36.80622,0,3,1
,,,,
335,36.961044,1,3,1
,,,,
335,36.948513,1,3,1
,,,,
304,37.12125,0,3,1
,,,,
399,36.934093,0,3,1
,,,,
399,36.751003,0,3,1
,,,,
399,36.743664,0,3,1
,,,,
399,37.081066,1,5,1
,,,,
342.5,37.247383,0,3,1
,,,,
337,37.230316,1,4,1
,,,,
335,37.544212,1,4,1
,,,,
335,37.20494,0,3,1
,,,,
304,37.35571,0,3,1
,,,,
304,37.3499,1,3,1
,,,,
335,37.502583,0,3,1
,,,,
399,37.484444,0,3,1
,,,,
368,37.63365,1,3,1
,,,,
335,37.461662,1,3,1
,,,,
399,37.4419,1,3,1
,,,,
335,37.74822,0,3,1
,,,,
399,37.584236,1,3,1
,,,,
368,37.276524,0,3,1
,,,,
399,37.587112,1,3,1
,,,,
304,37.293964,0,3,1
,,,,
399,37.596222,0,3,1
,,,,
310,37.892723,1,3,1
,,,,
335,38.18141,1,3,1
,,,,
376,38.317352,0,3,1
,,,,
368,38.296223,0,5,1
,,,,
368,37.978806,1,5,1
,,,,
304,37.66253,0,5,1
,,,,
335,37.7878,0,5,1
,,,,
335,38.03828,1,5,1
,,,,
335,38.17087,1,5,1
,,,,
368,38.15218,1,5,1
,,,,
399,37.86281,0,5,1
,,,,
310,37.571682,1,5,1
,,,,
399,37.690464,1,5,1
,,,,
335,37.558125,0,5,1
,,,,
304,37.53594,0,5,1
,,,,
304,37.400608,1,3,1
,,,,
335,37.50642,0,5,1
,,,,
368,37.37226,1,3,1
,,,,
399,37.239147,1,3,1
,,,,
335,37.098686,0,3,1
,,,,
304,37.091583,0,5,1
,,,,
368,36.937428,0,3,1
,,,,
399,37.062687,1,5,1
,,,,
399,37.038635,0,5,1
,,,,
399,37.025414,1,5,1
,,,,
399,37.13619,0,5,1
,,,,
310,37.133472,0,5,1
,,,,
335,37.002556,1,5,1
,,,,
399,37.122093,1,5,1
,,,,
399,37.115562,0,5,1
,,,,
335,37.23392,0,5,1
,,,,
368,37.225803,0,5,1
,,,,
335,37.334965,0,5,1
,,,,
335,37.207024,1,5,1
,,,,
337,37.195312,0,5,1
,,,,
335,nan,0,5,2
,,,,
335,13.483466,0,5,2
,,,,
304,39.899868,1,5,2
,,,,
335,27.679697,0,5,2
,,,,
376,21.676659,0,5,2
,,,,
337,17.78854,0,5,2
,,,,
304,26.017107,1,5,2
,,,,
376,31.82094,1,5,2
,,,,
337,28.1451,1,5,2
,,,,
304,25.142092,1,5,2
,,,,
311.5,29.616459,0,5,2
,,,,
368,33.34626,1,5,2
,,,,
387,30.83549,0,5,2
,,,,
368,34.438564,1,5,2
,,,,
399,37.493923,1,5,2
,,,,
304,40.038994,1,5,2
,,,,
335,42.262455,0,5,2
,,,,
399,39.869434,0,5,2
,,,,
304,37.733032,1,5,2
,,,,
323,35.847828,1,5,2
,,,,
399,37.637306,0,5,2
,,,,
335,35.946068,1,5,2
,,,,
335,37.57342,0,5,2
,,,,
335,39.03691,1,5,2
,,,,
306,40.39546,0,5,2
,,,,
335,38.944492,1,5,2
,,,,
399,40.286034,1,5,2
,,,,
335,41.490044,1,5,2
,,,,
335,40.087086,0,5,2
,,,,
368,38.852962,1,5,2
,,,,
399,37.779198,0,5,2
,,,,
399,36.662525,0,5,2
,,,,
399,37.800076,0,5,2
,,,,
399,36.718803,1,5,2
,,,,
335,35.697662,1,5,2
,,,,
399,36.765076,1,5,2
,,,,
399,37.76117,0,5,2
,,,,
335,38.70176,1,5,2
,,,,
335,39.62629,1,5,2
,,,,
335,40.527836,1,5,2
,,,,
335,39.591667,0,5,2
,,,,
399,38.742737,0,5,2
,,,,
306,37.858818,0,5,2
,,,,
338,38.666443,0,5,2
,,,,
377,39.40617,1,5,2
,,,,
399,38.561905,0,5,2
,,,,
304,39.324432,0,5,2
,,,,
399,40.056473,0,5,2
,,,,
335,40.751045,1,5,2
,,,,
399,40.082657,0,5,2
,,,,
335,40.721146,0,5,2
,,,,
304,41.33599,0,5,2
,,,,
304,41.940388,1,5,2
,,,,
335,42.534485,0,5,2
,,,,
399,41.904278,1,5,2
,,,,
304,42.47714,1,5,2
,,,,
335,41.763268,1,5,2
,,,,
399,41.086357,0,5,2
,,,,
399,41.718895,0,5,2
,,,,
370,41.057537,1,5,2
,,,,
399,41.670982,0,5,2
,,,,
368,41.00764,0,5,2
,,,,
310,41.625496,0,5,2
,,,,
335,40.983932,1,5,2
,,,,
370,41.59795,0,5,2
,,,,
304,40.973362,1,5,2
,,,,
306,41.567554,1,5,2
,,,,
304,40.991917,1,5,2
,,,,
368,41.56102,0,5,2
,,,,
337,40.98767,0,5,2
,,,,
399,40.44809,1,5,2
,,,,
306,40.9933,1,5,2
,,,,
335,41.51604,0,5,2
,,,,
306,41.24352,0,5,2
,,,,
368,40.716835,1,5,2
,,,,
399,41.20699,0,5,2
,,,,
399,40.94718,0,5,2
,,,,
368,40.433586,1,5,2
,,,,
310,40.92365,0,5,2
,,,,
335,40.48966,1,5,2
,,,,
304,40.021435,1,5,2
,,,,
304,40.503765,1,5,2
,,,,
312,40.97469,0,5,2
,,,,
399,40.560364,0,5,2
,,,,
399,40.14824,0,5,2
,,,,
399,39.707405,1,5,2
,,,,
304,40.16857,0,5,2
,,,,
368,39.726124,0,5,2
,,,,
368,40.16983,1,5,2
,,,,
306,39.74403,1,5,2
,,,,
306,39.321266,1,5,2
,,,,
399,38.90464,0,5,2
,,,,
399,39.341545,0,5,2
,,,,
399,39.75811,1,5,2
,,,,
399,39.33598,0,5,2
,,,,
306,39.744095,1,5,2
,,,,
399,39.373623,0,5,2
,,,,
335,39.001423,0,5,2
,,,,
368,38.62939,1,5,2
,,,,
335,39.004356,0,5,2
,,,,
399,39.381664,0,5,2
,,,,
399,39.012947,0,5,2
,,,,
368,38.667503,0,5,2
,,,,
335,39.046894,0,5,2
,,,,
399,39.428185,1,5,2
,,,,
335,39.792545,0,5,2
,,,,
306,40.150013,1,5,2
,,,,
335,39.809555,0,5,2
,,,,
399,40.155373,1,5,2
,,,,
335,40.48151,0,5,2
,,,,
399,40.80164,1,5,2
,,,,
335,40.444355,0,5,2
,,,,
399,40.766804,1,5,2
,,,,
304,41.088337,0,5,2
,,,,
335,41.40455,0,5,2
,,,,
335,41.718914,0,5,2
,,,,
335,41.366634,0,5,2
,,,,
335,41.022217,1,5,2
,,,,
399,41.336693,0,5,2
,,,,
335,41.026516,0,5,2
,,,,
368,41.335716,1,5,2
,,,,
335,41.64392,1,5,2
,,,,
368,41.336906,0,5,2
,,,,
399,41.01207,0,5,2
,,,,
399,40.69586,0,5,2
,,,,
335,40.412422,1,5,2
,,,,
399,40.693947,1,5,2
,,,,
335,40.968193,1,5,2
,,,,
399,40.689247,0,5,2
,,,,
304,40.398705,0,5,2
,,,,
399,40.09329,0,5,2
,,,,
399,39.80117,1,5,2
,,,,
390,39.558624,0,5,2
,,,,
399,39.323566,1,5,2
,,,,
356.5,39.622437,1,5,2
,,,,
335,39.927284,1,5,2
,,,,
337,40.04172,0,5,2
,,,,
304,39.938477,0,5,2
,,,,
399,39.94687,1,5,2
,,,,
376.5,39.664093,1,5,2
,,,,
335,39.41365,1,5,2
,,,,
374,39.67878,0,5,2
,,,,
399,39.406075,1,5,2
,,,,
335,39.551624,1,5,2
,,,,
306,39.55649,1,5,2
,,,,
304,39.818325,1,5,2
,,,,
335,39.556427,0,5,2
,,,,
335,39.29531,1,5,2
,,,,
399,39.040607,0,5,2
,,,,
399,39.148193,0,5,2
,,,,
368,39.042725,1,5,2
,,,,
304,39.03961,0,5,2
,,,,
304,38.79813,1,5,2
,,,,
335,39.049442,0,5,2
,,,,
399,39.280888,0,5,2
,,,,
335,39.052174,0,5,2
,,,,
335,39.274605,1,5,2
,,,,
304,39.274605,1,5,2
,,,,
368,39.493584,0,5,2
,,,,
335,39.252434,0,5,2
,,,,
335,39.013626,0,5,2
,,,,
335,38.775246,0,5,2
,,,,
335,38.55836,0,5,2
,,,,
335,38.3253,0,5,2
,,,,
304,38.09442,0,5,2
,,,,
368,37.87285,1,5,2
,,,,
335,38.101017,1,5,2
,,,,
335,38.327026,1,5,2
,,,,
304,38.105568,0,5,2
,,,,
304,38.32864,1,5,2
,,,,
304,38.548912,0,5,2
,,,,
306,38.76334,0,5,2
,,,,
335,38.972183,0,5,2
,,,,
304,38.76757,0,5,2
,,,,
399,38.86208,1,5,2
,,,,
370,38.865543,1,5,2
,,,,
399,39.067417,1,5,2
,,,,
304,39.172874,0,5,2
,,,,
399,39.06948,0,5,2
,,,,
335,39.063183,1,5,2
,,,,
310,38.845108,1,5,2
,,,,
335,38.94171,0,3,2
,,,,
304,38.844734,1,3,2
,,,,
335,38.746807,1,3,2
,,,,
368,38.72576,0,3,2
,,,,
335,38.33893,0,3,2
,,,,
306,38.149616,0,3,2
,,,,
399,38.26395,0,3,2
,,,,
335,38.26003,1,3,2
,,,,
335,38.058697,0,3,2
,,,,
304,38.259895,1,3,2
,,,,
335,38.45892,0,3,2
,,,,
399,38.65553,0,3,2
,,,,
304,38.465897,1,3,2
,,,,
399,38.26885,1,3,2
,,,,
335,38.076557,0,3,2
,,,,
335,37.88148,1,3,2
,,,,
399,37.69,0,3,2
,,,,
304,37.889683,1,3,2
,,,,
335,37.698627,0,3,2
,,,,
399,37.893364,1,3,2
,,,,
335,37.731647,1,5,2
,,,,
399,37.6404,1,5,2
,,,,
399,37.729374,0,1,2
,,,,
399,37.729374,1,5,2
,,,,
335,37.73432,0,4,2
,,,,
399,37.550392,0,4,2
,,,,
335,38.25409,0,5,2
,,,,
399,38.071472,1,5,2
,,,,
304,37.891212,1,5,2
,,,,
335,37.719803,0,5,2
,,,,
335,37.806877,1,3,2
,,,,
335,37.806778,1,3,2
,,,,
304,37.633205,1,3,2
,,,,
374,37.463684,1,3,2
,,,,
399,37.460423,0,3,2
,,,,
304,37.3802,1,3,2
,,,,
399,37.297115,0,3,2
,,,,
304,37.29872,0,5,2
,,,,
304,37.47393,0,5,2
,,,,
335,37.64253,1,5,2
,,,,
374,37.472496,1,5,2
,,,,
335,37.805523,0,5,2
,,,,
304,37.669254,0,5,2
,,,,
342.5,37.839756,0,5,2
,,,,
304,38.008743,1,4,2
,,,,
304,38.178703,1,4,2
,,,,
335,38.34527,0,5,2
,,,,
399,38.179104,1,4,2
,,,,
353.5,38.33975,0,5,2
,,,,
335,38.49898,1,5,2
,,,,
335,38.351933,1,5,2
,,,,
368,38.26966,1,5,2
,,,,
399,38.113136,1,5,2
,,,,
399,38.27482,1,5,2
,,,,
399,38.12494,1,5,2
,,,,
399,37.974545,1,5,2
,,,,
368,38.122314,1,5,2
,,,,
335,38.27385,1,5,2
,,,,
335,38.11456,1,5,2
,,,,
399,38.266075,1,5,2
,,,,
304,38.116302,0,5,2
,,,,
304,37.96889,1,5,2
,,,,
335,37.82432,1,5,2
,,,,
368,37.97519,0,5,2
,,,,
335,37.825294,0,5,2
,,,,
304,37.67249,1,5,2
,,,,
335,37.534008,0,5,2
,,,,
304,37.410686,0,5,2
,,,,
304,37.57594,0,5,2
,,,,
399,37.737656,1,5,2
,,,,
399,37.67098,1,5,2
,,,,
310,37.530006,1,5,2
,,,,
399,37.684097,0,5,2
,,,,
335,37.558186,0,5,2
,,,,
335,37.423683,0,5,2
,,,,
335,37.285477,0,5,2
,,,,
304,37.43414,1,5,2
,,,,
335,37.293804,1,5,2
,,,,
335,37.15292,0,5,2
,,,,
399,37.011684,1,5,2
,,,,
335,37.14745,0,5,2
,,,,
304,37.282448,1,5,2
,,,,
335,37.41779,1,5,2
,,,,
310,37.350758,0,5,2
,,,,
399,37.415882,0,5,2
,,,,
370,37.412857,0,5,2
,,,,
335,37.55263,1,5,2
,,,,
304,37.412853,1,5,2
,,,,
374,37.279045,0,5,2
,,,,
338,37.41344,1,5,2
,,,,
368,37.41344,0,5,2
,,,,
335,37.548435,1,5,2
,,,,
304,37.682938,0,5,2
,,,,
399,37.81487,1,5,2
,,,,
381,37.675373,1,5,2
,,,,
338,37.809475,0,5,2
,,,,
304,37.673656,1,5,2
,,,,
306,37.542213,0,5,2
,,,,
335,37.405777,1,5,2
,,,,
335,37.27218,0,5,2
,,,,
399,37.410767,0,5,2
,,,,
304,37.281128,1,5,2
,,,,
335,37.217407,0,5,2
,,,,
335,37.09056,0,5,2
,,,,
335,36.96473,0,5,2
,,,,
335,36.83981,1,5,2
,,,,
374,36.905956,0,5,2
,,,,
399,36.900696,1,5,2
,,,,
335,36.776688,1,5,2
,,,,
335,36.67501,1,5,2
,,,,
306,36.60206,1,5,2
,,,,
304,36.73681,1,5,2
,,,,
310,36.87684,0,5,2
,,,,
399,37.024437,0,5,2
,,,,
335,36.935406,0,5,2
,,,,
399,36.824894,0,5,2
,,,,
304,37.002354,1,5,2
,,,,
368,37.183975,1,5,2
,,,,
304,37.366875,0,5,2
,,,,
335,37.309223,1,5,2
,,,,
304,37.26034,0,5,2
,,,,
335,37.177746,0,5,2
,,,,
335,37.12652,1,5,2
,,,,
306,37.035023,1,5,2
,,,,
335,36.944016,1,5,2
,,,,
304,36.829254,0,5,2
,,,,
335,36.714943,1,5,2
,,,,
306,36.6007,1,5,2
,,,,
399,36.4969,1,5,2
,,,,
335,36.405804,0,5,2
,,,,
335,36.32732,0,5,2
,,,,
335,36.229206,1,5,2
,,,,
399,36.143726,1,5,2
,,,,
335,36.046944,0,5,2
,,,,
335,35.9588,0,5,2
,,,,
304,35.863117,1,5,2
,,,,
335,35.774876,0,5,2
,,,,
304,35.67717,1,5,2
,,,,
335,35.583202,0,5,2
,,,,
335,35.476994,1,5,2
,,,,
304,35.37487,0,5,2
,,,,
311.5,35.278305,0,5,2
,,,,
304,35.173244,1,5,2
,,,,
368,35.07641,0,5,2
,,,,
304,35.189262,1,5,2
,,,,
335,35.299187,1,5,2
,,,,
368,35.213932,1,5,2
,,,,
399,35.32925,1,5,2
,,,,
304,35.23123,1,5,2
,,,,
335,35.351925,0,5,2
,,,,
399,35.473488,1,5,2
,,,,
335,35.595924,1,5,2
,,,,
335,35.503834,1,5,2
,,,,
399,35.401787,0,5,2
,,,,
304,35.531155,1,5,2
,,,,
335,35.659546,1,5,2
,,,,
335,35.574623,1,5,2
,,,,
335,35.69985,0,5,2
,,,,
399,35.826405,0,5,2
,,,,
335,35.724365,1,5,2
,,,,
335,35.61905,1,5,2
,,,,
399,35.513744,0,5,2
,,,,
335,35.4138,1,5,2
,,,,
335,35.537357,1,5,2
,,,,
312,35.66065,0,5,2
,,,,
335,35.725067,1,5,2
,,,,
335,35.723263,0,5,2
,,,,
335,35.634735,1,5,2
,,,,
335,nan,0,5,2
,,,,
374,4.754135,1,5,2
,,,,
368,40.19462,0,5,2
,,,,
335,51.54591,0,5,2
,,,,
368,56.971157,0,5,2
,,,,
368,46.499138,0,5,2
,,,,
399,51.272583,1,5,2
,,,,
399,44.84324,1,5,2
,,,,
399,40.05995,1,5,2
,,,,
335,36.133095,0,5,2
,,,,
338,32.7779,1,5,2
,,,,
335,36.4953,0,5,2
,,,,
364,34.338173,0,5,2
,,,,
399,37.54692,0,5,2
,,,,
399,40.30976,0,5,2
,,,,
380,38.25929,0,5,2
,,,,
345,40.677567,0,5,2
,,,,
304,42.825512,1,5,2
,,,,
368,40.74509,1,5,2
,,,,
304,38.996662,1,5,2
,,,,
306,37.429756,0,5,2
,,,,
335,35.767967,1,5,2
,,,,
304,34.21033,0,5,2
,,,,
335,32.771538,0,5,2
,,,,
345,31.49923,1,5,2
,,,,
304,30.287544,1,5,2
,,,,
335,29.220032,1,5,2
,,,,
370,28.222557,0,5,2
,,,,
368,29.79122,1,5,2
,,,,
399,31.246923,1,5,2
,,,,
376,32.6386,0,5,2
,,,,
337,33.954685,0,5,2
,,,,
370,32.946945,0,5,2
,,,,
337,34.187435,1,5,2
,,,,
337,33.211334,0,5,2
,,,,
306,32.32782,1,5,2
,,,,
399,33.453247,0,5,2
,,,,
399,32.622272,1,5,2
,,,,
304,31.82984,0,5,2
,,,,
368,32.887737,1,5,2
,,,,
399,33.87635,1,4,2
,,,,
335,33.08668,1,4,2
,,,,
399,33.528057,1,4,2
,,,,
399,33.674656,0,4,2
,,,,
399,34.211758,1,4,2
,,,,
399,33.502346,1,5,2
,,,,
335,32.80478,0,5,2
,,,,
335,32.16895,0,5,2
,,,,
353.5,31.509178,0,5,2
,,,,
335,30.333668,0,5,2
,,,,
368,29.789501,0,5,2
,,,,
335,29.235851,0,5,2
,,,,
351.5,28.714762,0,5,2
,,,,
351.5,29.139565,1,5,2
,,,,
376.5,29.292303,1,5,2
,,,,
368,30.102343,0,5,2
,,,,
399,30.874126,1,5,2
,,,,
399,30.349483,1,5,2
,,,,
399,29.847784,0,5,2
,,,,
399,28.899511,0,5,2
,,,,
399,28.460726,1,5,2
,,,,
306,28.021353,0,5,2
,,,,
335,27.599083,1,5,2
,,,,
304,27.188522,0,5,2
,,,,
399,26.81622,1,5,2
,,,,
331,27.535791,0,4,2
,,,,
335,28.233591,0,4,2
,,,,
399,27.839043,0,4,2
,,,,
335,27.45287,0,5,2
,,,,
335,27.08059,1,4,2
,,,,
338,27.39868,1,4,2
,,,,
306,27.561634,1,5,2
,,,,
304,27.868872,1,4,2
,,,,
374,27.691687,0,4,2
,,,,
304,27.828089,1,5,2
,,,,
362,27.534796,0,5,2
,,,,
317.5,27.188377,0,5,2
,,,,
399,27.521826,0,1,2
,,,,
335,28.130365,0,5,2
,,,,
335,27.796412,0,1,2
,,,,
335,27.88468,0,1,2
,,,,
317,27.57259,0,1,2
,,,,
335,27.270916,1,5,2
,,,,
304,27.546785,1,5,2
,,,,
335,27.385695,1,5,2
,,,,
335,27.498264,0,1,2
,,,,
335,26.957323,0,5,2
,,,,
335,26.704811,1,4,2
,,,,
368,26.433132,1,4,2
,,,,
304,26.178806,0,4,2
,,,,
335,25.950916,0,4,2
,,,,
335,25.708014,0,4,2
,,,,
399,25.459631,0,5,2
,,,,
399,25.712145,1,5,2
,,,,
304,25.526377,1,5,2
,,,,
335,25.794622,0,5,2
,,,,
304,25.668762,0,5,2
,,,,
399,25.544172,0,5,2
,,,,
399,25.684542,0,5,2
,,,,
399,25.456964,0,5,2
,,,,
335,25.715923,1,5,2
,,,,
335,25.83628,1,5,2
,,,,
335,26.099335,1,5,2
,,,,
399,26.205742,1,5,2
,,,,
399,26.654028,1,5,2
,,,,
335,26.415915,1,5,2
,,,,
335,26.862057,0,5,2
,,,,
304,26.62914,0,5,2
,,,,
368,27.053408,1,5,2
,,,,
368,27.45396,0,5,2
,,,,
335,27.294447,1,5,2
,,,,
399,27.12991,1,5,2
,,,,
370,27.500864,1,5,2
,,,,
335.5,27.279703,0,5,2
,,,,
368,27.656204,1,5,2
,,,,
399,27.508713,0,5,2
,,,,
399,27.361341,1,5,2
,,,,
306,27.201498,0,5,2
,,,,
399,27.036503,1,5,2
,,,,
335,26.865362,0,5,2
,,,,
399,26.673853,1,5,2
,,,,
399,26.4921,0,5,2
,,,,
399,26.284847,0,5,2
,,,,
306,26.640663,0,5,2
,,,,
337,26.98687,0,5,2
,,,,
335,26.826675,0,5,2
,,,,
399,26.69308,1,5,2
,,,,
306,26.69308,1,5,2
,,,,
304,26.576103,0,5,2
,,,,
399,26.935305,0,5,2
,,,,
335,26.757364,0,5,2
,,,,
370,26.595093,1,5,2
,,,,
335,26.955574,0,5,2
,,,,
335,26.79973,1,5,2
,,,,
342.5,27.137135,1,5,2
,,,,
304,26.981176,1,5,2
,,,,
368,26.900064,1,5,2
,,,,
335,26.73652,1,5,2
,,,,
306,26.558336,1,5,2
,,,,
311.5,26.371687,0,5,2
,,,,
306,26.18981,1,5,2
,,,,
306,26.014921,0,5,2
,,,,
337,25.838137,1,5,2
,,,,
312,25.672304,1,5,2
,,,,
399,25.972,1,5,2
,,,,
348,26.25491,0,5,2
,,,,
317.5,26.098942,0,5,2
,,,,
335,25.951847,1,5,2
,,,,
306,25.623323,1,5,2
,,,,
399,25.469984,0,5,2
,,,,
399,25.337624,1,5,2
,,,,
393,25.629744,1,5,2
,,,,
335,25.913826,0,5,2
,,,,
348,25.795637,1,5,2
,,,,
307.5,25.694202,0,5,2
,,,,
310,25.606937,0,5,2
,,,,
382,25.549519,0,5,2
,,,,
337,25.45496,0,5,2
,,,,
335,25.752874,0,5,2
,,,,
335,25.616493,1,5,2
,,,,
399,25.549698,1,5,2
,,,,
335,25.810638,0,5,2
,,,,
399,26.074821,0,5,2
,,,,
335,26.338879,1,5,2
,,,,
335,26.196943,0,5,2
,,,,
399,26.06991,0,5,2
,,,,
399,26.317406,1,5,2
,,,,
310,26.171278,1,5,2
,,,,
338,26.028105,1,5,2
,,,,
399,25.885927,0,5,2
,,,,
368,25.749058,1,5,2
,,,,
304,25.605537,1,5,2
,,,,
304,25.855602,0,5,2
,,,,
335,25.717215,1,5,2
,,,,
304,25.648865,1,5,2
,,,,
399,25.895096,0,5,2
,,,,
335,26.141966,0,5,2
,,,,
335,26.389164,0,5,2
,,,,
399,26.267279,0,5,2
,,,,
399,26.502327,1,5,2
,,,,
399,26.73198,1,5,2
,,,,
337,26.680117,1,5,2
,,,,
399,26.588966,1,5,2
,,,,
335,26.463024,1,5,2
,,,,
310,26.342203,0,5,2
,,,,
374,26.215984,1,5,2
,,,,
304,26.455988,1,5,2
,,,,
304,26.69126,0,5,2
,,,,
374,26.56743,0,5,2
,,,,
312.5,26.435194,1,5,2
,,,,
368,26.309607,1,5,2
,,,,
335,26.191149,0,5,2
,,,,
310,26.44362,0,5,2
,,,,
335,26.69753,0,5,2
,,,,
310,26.597252,1,5,2
,,,,
306,26.855515,1,5,2
,,,,
304,27.11886,0,5,2
,,,,
335,26.990704,1,5,2
,,,,
335,26.866982,0,5,2
,,,,
399,26.739914,1,5,2
,,,,
399,26.991005,1,5,2
,,,,
304,27.243948,1,5,2
,,,,
304,27.492025,1,5,2
,,,,
335,27.38083,0,5,2
,,,,
312,27.346167,0,5,2
,,,,
335,27.516813,1,5,2
,,,,
304,27.522501,1,5,2
,,,,
335,27.51877,0,5,2
,,,,
335,27.53232,1,5,2
,,,,
335,27.637423,1,5,2
,,,,
304,27.829227,0,5,2
,,,,
335,28.02988,1,5,2
,,,,
335,28.238123,1,5,2
,,,,
338,28.141653,1,5,2
,,,,
337,28.367044,0,5,2
,,,,
337,28.596502,0,5,2
,,,,
306,28.82626,0,5,2
,,,,
376,29.050657,0,5,2
,,,,
399,29.013186,1,5,2
,,,,
335,28.925192,0,5,2
,,,,
342.5,29.147486,1,5,2
,,,,
348,29.248547,1,5,2
,,,,
317,29.1951,0,5,2
,,,,
312,29.1951,0,5,2
,,,,
337,29.217617,1,5,2
,,,,
370,29.24458,1,5,2
,,,,
306,29.223967,1,5,2
,,,,
337,29.165394,0,5,2
,,,,
304,29.083773,0,5,2
,,,,
370.5,29.188477,0,5,2
,,,,
399,29.083393,1,5,2
,,,,
399,29.125269,1,5,2
,,,,
399,29.291231,1,5,2
,,,,
399,29.492361,0,5,2
,,,,
399,29.422297,1,5,2
,,,,
345,29.368568,1,5,2
,,,,
332,29.560516,1,5,2
,,,,
335,nan,0,5,2
,,,,
323,1.7071068,1,5,2
,,,,
348,35.5358,0,5,2
,,,,
304,23.8572,1,5,2
,,,,
399,20.591887,1,5,2
,,,,
399,16.76789,1,5,2
,,,,
335,26.223366,0,5,2
,,,,
399,24.381678,1,5,2
,,,,
335,30.664202,0,5,2
,,,,
356.5,35.674698,1,5,2
,,,,
399,32.053192,1,5,2
,,,,
306,29.547287,1,5,2
,,,,
335,27.166088,1,5,2
,,,,
335,24.943916,1,5,2
,,,,
335,23.223703,0,5,2
,,,,
335,21.729351,0,5,2
,,,,
335,20.402403,1,5,2
,,,,
337,19.411598,0,5,2
,,,,
335,18.59898,0,5,2
,,,,
399,17.84578,0,5,2
,,,,
399,17.226673,0,5,2
,,,,
335,19.694895,0,5,2
,,,,
335,21.914076,0,5,2
,,,,
374,21.101322,0,5,2
,,,,
399,20.41179,0,5,2
,,,,
335,22.501043,0,5,2
,,,,
342.5,22.010805,1,5,2
,,,,
337,23.950512,0,5,2
,,,,
335,23.271162,1,5,2
,,,,
337,22.60473,0,5,2
,,,,
335,21.94717,0,5,2
,,,,
335,21.388683,0,5,2
,,,,
399,20.789965,0,5,2
,,,,
399,20.211788,0,5,2
,,,,
301,19.681103,0,5,2
,,,,
337,20.449682,1,5,2
,,,,
304,20.82046,1,5,2
,,,,
337,20.279547,0,5,2
,,,,
323,19.73764,1,5,2
,,,,
368,20.461927,0,5,2
,,,,
335,20.461927,0,5,2
,,,,
335,20.266848,1,5,2
,,,,
399,20.037394,0,5,2
,,,,
399,20.427845,1,5,2
,,,,
368,20.427845,0,5,2
,,,,
399,19.98168,0,5,2
,,,,
312,21.1861,1,5,2
,,,,
335,20.743124,0,5,2
,,,,
399,21.932657,0,5,2
,,,,
337,23.089746,1,5,2
,,,,
310,22.614576,1,5,2
,,,,
335,22.170935,1,5,2
,,,,
335,21.709852,0,5,2
,,,,
368,22.754313,1,5,2
,,,,
335,23.757235,1,5,2
,,,,
399,24.722174,0,5,2
,,,,
317,25.650448,1,5,2
,,,,
317.5,26.533485,0,5,2
,,,,
370,27.39256,1,5,2
,,,,
375.5,26.951244,1,5,2
,,,,
337,26.63395,0,5,2
,,,,
335,26.248367,1,5,2
,,,,
318.5,25.885086,0,5,2
,,,,
312,26.680344,0,5,2
,,,,
304,26.259071,1,5,2
,,,,
399,26.986744,0,5,2
,,,,
399,27.66374,0,5,2
,,,,
335,27.285875,1,5,2
,,,,
335,27.91153,0,5,2
,,,,
381,27.513136,1,5,2
,,,,
356,28.02218,1,5,2
,,,,
342.5,28.50248,1,5,2
,,,,
381,28.975332,0,5,2
,,,,
335,29.446688,1,5,2
,,,,
399,29.638548,1,5,2
,,,,
399,29.53835,0,5,2
,,,,
381,29.704304,0,5,2
,,,,
335,30.141066,1,5,2
,,,,
399,29.773869,1,5,2
,,,,
337,29.479843,0,5,2
,,,,
304,29.186493,1,5,2
,,,,
323,29.581478,1,5,2
,,,,
370,29.947495,0,5,2
,,,,
335,29.588284,1,5,2
,,,,
335,29.230835,0,5,2
,,,,
310,29.623093,1,5,2
,,,,
335,30.006617,1,5,2
,,,,
335,29.934715,0,5,2
,,,,
399,29.98788,1,5,2
,,,,
335,30.061777,1,5,2
,,,,
335,30.11376,1,1,2
,,,,
304,30.11376,0,5,2
,,,,
399,30.116657,1,5,2
,,,,
399,29.966259,1,5,2
,,,,
335,30.034534,0,5,2
,,,,
310,30.179585,0,5,2
,,,,
335,30.13397,1,5,2
,,,,
399,30.529516,0,5,2
,,,,
312,30.41695,1,5,2
,,,,
399,30.294577,0,5,2
,,,,
399,30.126402,1,5,2
,,,,
335,30.08703,0,5,2
,,,,
399,30.015606,1,5,2
,,,,
399,30.015606,1,5,2
,,,,
399,30.015606,1,5,2
,,,,
368,30.21558,1,2,2
,,,,
317,30.21558,1,5,2
,,,,
335,30.248896,0,5,2
,,,,
335,30.217905,0,5,2
,,,,
335,30.299519,1,5,2
,,,,
399,30.379612,1,5,2
,,,,
335,30.377945,0,5,2
,,,,
335,30.339369,1,5,2
,,,,
399,30.29464,1,5,2
,,,,
310,30.265966,1,5,2
,,,,
399,30.075603,0,5,2
,,,,
335,29.825758,0,5,2
,,,,
304,30.12188,1,5,2
,,,,
399,29.851473,0,5,2
,,,,
335,30.151295,1,5,2
,,,,
335,30.459444,1,5,2
,,,,
335,30.197702,1,5,2
,,,,
370,29.960564,0,5,2
,,,,
338,29.695396,0,5,2
,,,,
317.5,29.424685,1,5,2
,,,,
306,29.75851,1,5,2
,,,,
323,29.518751,0,5,2
,,,,
335,29.271168,0,5,2
,,,,
335,29.619543,0,5,2
,,,,
399,29.957256,0,5,2
,,,,
350.5,29.694246,0,5,2
,,,,
304,30.029358,0,5,2
,,,,
399,29.778345,1,5,2
,,,,
399,30.111124,0,5,2
,,,,
399,30.292492,0,5,2
,,,,
335,30.292492,1,5,2
,,,,
376.5,30.276936,0,5,2
,,,,
399,30.357948,1,5,2
,,,,
399,30.277285,1,5,2
,,,,
399,30.312716,1,5,2
,,,,
399,30.347935,1,5,2
,,,,
399,30.48723,1,5,2
,,,,
366,30.500235,0,5,2
,,,,
304,30.74287,1,5,2
,,,,
304,30.540026,1,5,2
,,,,
306.5,30.333223,0,5,2
,,,,
304,30.186739,1,5,2
,,,,
310,30.017477,0,5,2
,,,,
335,29.834002,1,5,2
,,,,
335,29.628386,1,5,2
,,,,
335,29.919868,0,5,2
,,,,
399,29.97554,0,5,2
,,,,
399,29.94994,0,5,2
,,,,
399,29.94994,0,5,2
,,,,
335,29.956373,0,5,2
,,,,
399,30.109758,1,5,2
,,,,
399,30.41326,0,5,2
,,,,
368,30.211815,0,5,2
,,,,
399,30.031502,0,5,2
,,,,
399,29.8639,1,5,2
,,,,
304,nan,1,1,3
,,,,
335,nan,1,1,3
,,,,
335,nan,1,1,3
,,,,
317,78.31347,0,1,3
,,,,
317.5,43.156734,1,1,3
,,,,
337,55.104492,0,1,3
,,,,
335,63.73235,0,1,3
,,,,
374,63.73235,0,1,3
,,,,
368,67.3306,1,1,3
,,,,
335,59.429657,1,1,3
,,,,
399,61.495876,0,1,3
,,,,
335,56.10787,1,1,3
,,,,
335,51.210434,1,1,3
,,,,
399,47.060745,1,1,3
,,,,
304,46.45344,1,1,3
,,,,
399,45.58076,1,1,3
,,,,
335,43.351723,1,1,3
,,,,
335,41.354694,1,1,3
,,,,
304,41.132263,0,1,3
,,,,
304,43.713478,0,1,3
,,,,
335,45.948307,0,1,3
,,,,
306,44.387154,0,1,3
,,,,
399,41.461346,1,1,3
,,,,
345,42.42531,0,1,3
,,,,
310,41.1694,1,1,3
,,,,
399,39.964695,1,1,3
,,,,
335,38.830856,0,1,3
,,,,
335,37.82442,0,1,3
,,,,
335,37.897854,0,1,3
,,,,
304,36.959385,1,1,3
,,,,
335,37.96464,1,1,3
,,,,
304,37.150154,1,1,3
,,,,
399,37.15327,1,1,3
,,,,
310,38.825127,0,1,3
,,,,
399,37.233036,0,1,3
,,,,
335,36.470936,1,1,3
,,,,
304,37.237087,0,1,3
,,,,
399,37.19659,1,1,3
,,,,
399,38.47374,0,1,3
,,,,
335,37.7745,0,1,3
,,,,
335,38.402763,1,1,3
,,,,
335,37.730247,0,1,3
,,,,
399,37.136353,1,1,3
,,,,
304,36.55501,0,1,3
,,,,
338.5,35.963306,1,1,3
,,,,
335,35.39166,0,1,3
,,,,
304,34.818466,0,1,3
,,,,
335,34.280457,1,1,3
,,,,
335,33.75036,0,1,3
,,,,
304,33.237087,0,1,3
,,,,
335,32.717754,1,1,3
,,,,
335,32.236164,1,1,3
,,,,
304,31.79319,1,1,3
,,,,
335,31.944235,0,1,3
,,,,
335,32.50607,0,1,3
,,,,
317,32.0932,1,1,3
,,,,
335,31.67268,0,1,3
,,,,
304,31.263834,0,1,3
,,,,
312,31.43985,0,1,3
,,,,
304,30.651958,0,5,3
,,,,
368,29.925055,1,5,3
,,,,
335,29.22988,0,5,3
,,,,
343,28.565737,0,5,3
,,,,
370,28.765171,1,5,3
,,,,
374,28.453064,1,1,3
,,,,
306,28.157099,0,1,3
,,,,
304,27.895353,0,1,3
,,,,
304,27.895353,0,1,3
,,,,
335,27.81822,0,1,3
,,,,
304,28.351227,0,1,3
,,,,
304,28.351227,0,1,3
,,,,
335,28.351227,0,1,3
,,,,
368,28.351227,0,1,3
,,,,
335,28.351227,1,1,3
,,,,
368,28.351227,0,1,3
,,,,
399,28.351227,1,1,3
,,,,
335,28.351227,0,1,3
,,,,
335,28.05393,0,1,3
,,,,
310,27.77378,0,1,3
,,,,
310,27.488955,1,1,3
,,,,
399,27.223135,0,1,3
,,,,
337,26.962852,0,1,3
,,,,
368,26.684885,0,5,3
,,,,
304,26.90187,1,5,3
,,,,
399,26.405302,0,5,3
,,,,
399,25.90631,0,1,3
,,,,
304,26.351915,1,1,3
,,,,
335,26.114414,1,1,3
,,,,
306,25.886919,1,1,3
,,,,
335,25.644985,0,1,3
,,,,
380,25.416792,1,1,3
,,,,
335,25.624535,1,5,3
,,,,
335,26.045387,0,5,3
,,,,
337,26.209848,0,5,3
,,,,
304,26.57183,1,1,3
,,,,
304,26.399103,0,1,3
,,,,
304,26.198788,1,5,3
,,,,
399,25.974867,0,1,3
,,,,
304,25.75474,0,1,3
,,,,
335,26.02103,0,1,3
,,,,
368,25.817608,1,5,3
,,,,
306,25.617466,1,5,3
,,,,
370,25.39413,1,5,3
,,,,
304,26.062057,0,5,3
,,,,
335,26.726336,0,5,3
,,,,
335,27.060541,1,5,3
,,,,
304,27.175213,1,5,3
,,,,
304,27.791742,0,1,3
,,,,
304,27.600601,0,1,3
,,,,
310,27.908146,1,1,3
,,,,
335,27.715944,0,1,3
,,,,
333.5,27.52647,1,1,3
,,,,
335,27.52647,0,1,3
,,,,
306,27.52647,0,1,3
,,,,
384,27.52647,0,1,3
,,,,
368,27.34258,0,1,3
,,,,
335,27.471498,0,1,3
,,,,
338,28.07574,1,1,3
,,,,
335,27.905157,1,1,3
,,,,
338,28.248852,0,1,3
,,,,
335,28.108124,0,1,3
,,,,
314,27.994371,0,1,3
,,,,
399,27.881826,0,1,3
,,,,
304,27.949816,0,1,3
,,,,
399,28.241282,0,1,3
,,,,
380,28.241282,0,1,3
,,,,
378,28.1056,1,1,3
,,,,
331.5,28.021803,0,1,3
,,,,
306,27.901001,0,1,3
,,,,
306,27.756058,0,1,3
,,,,
399,27.58778,0,1,3
,,,,
335,27.427856,1,1,3
,,,,
368,27.427856,1,1,3
,,,,
340.5,27.427856,1,1,3
,,,,
337,27.427856,0,1,3
,,,,
312,27.282341,0,1,3
,,,,
335,27.282341,1,1,3
,,,,
399,27.282341,1,1,3
,,,,
312,27.282341,1,1,3
,,,,
368,27.163315,1,1,3
,,,,
399,27.163315,0,1,3
,,,,
335,27.163315,1,1,3
,,,,
304,27.033478,0,1,3
,,,,
304,27.033478,1,1,3
,,,,
399,26.890625,1,1,3
,,,,
335,26.741201,0,5,3
,,,,
399,26.847633,0,5,3
,,,,
399,27.094162,1,5,3
,,,,
304,27.206354,1,5,3
,,,,
335,27.3955,0,5,3
,,,,
317,27.861116,1,5,3
,,,,
399,nan,0,1,3
,,,,
304,nan,0,1,3
,,,,
387,1.9142135,0,1,3
,,,,
304,3.5066166,1,1,3
,,,,
348,3.5066166,0,1,3
,,,,
323,17.870485,0,1,3
,,,,
304,17.870485,1,1,3
,,,,
368,15.579255,1,1,3
,,,,
304,15.579255,0,1,3
,,,,
399,15.579255,1,1,3
,,,,
338,14.067933,1,1,3
,,,,
317,13.21083,0,1,3
,,,,
335,12.05723,0,1,3
,,,,
368,10.9929285,1,1,3
,,,,
399,10.122136,1,1,3
,,,,
335,9.3619585,0,1,3
,,,,
335,8.795653,1,1,3
,,,,
399,8.238821,1,1,3
,,,,
399,12.182362,1,1,3
,,,,
399,15.939823,1,1,3
,,,,
368,18.29636,0,1,3
,,,,
399,21.136871,0,1,3
,,,,
356,20.225592,0,1,3
,,,,
304,19.306246,1,5,3
,,,,
312,18.510323,1,5,3
,,,,
335,17.856909,1,1,3
,,,,
370,17.182632,0,5,3
,,,,
335,16.576155,0,5,3
,,,,
370,18.07939,0,1,3
,,,,
304,16.981966,0,1,3
,,,,
312,18.92556,0,1,3
,,,,
304,18.37833,1,1,3
,,,,
335,17.851715,1,1,3
,,,,
337,17.432709,0,1,3
,,,,
348,17.432709,1,1,3
,,,,
304,17.432709,1,1,3
,,,,
370,17.077488,1,1,3
,,,,
304,17.077488,0,1,3
,,,,
335,16.690956,1,1,3
,,,,
304,16.293903,0,1,3
,,,,
335,16.293903,1,1,3
,,,,
399,15.92396,1,1,3
,,,,
335,15.92396,0,1,3
,,,,
335,15.92396,1,1,3
,,,,
337,15.92396,1,1,3
,,,,
335,15.671621,1,1,3
,,,,
337,15.354831,1,1,3
,,,,
335,15.029103,0,1,3
,,,,
368,14.704939,1,1,3
,,,,
335,14.362964,0,1,3
,,,,
383,14.087353,1,1,3
,,,,
306,13.796522,0,1,3
,,,,
334,13.527341,1,1,3
,,,,
370,13.260802,0,5,3
,,,,
335,13.00537,1,5,3
,,,,
335,14.071506,1,1,3
,,,,
335,15.309974,0,5,3
,,,,
310,15.054012,0,5,3
,,,,
335,13.984978,1,5,3
,,,,
335,13.588478,0,1,3
,,,,
304,13.4120035,1,1,3
,,,,
335,13.275724,1,1,3
,,,,
335,13.275724,0,1,3
,,,,
337,13.275724,0,1,3
,,,,
317.5,13.275724,0,1,3
,,,,
306,13.275724,1,1,3
,,,,
335,13.275724,0,1,3
,,,,
368,13.077729,0,1,3
,,,,
337,13.077729,1,1,3
,,,,
337,13.077729,0,1,3
,,,,
337,12.951083,1,1,3
,,,,
337,12.832867,0,1,3
,,,,
399,12.733948,1,1,3
,,,,
399,12.733948,0,1,3
,,,,
335,12.638026,1,1,3
,,,,
399,12.47925,1,1,3
,,,,
335,12.325143,0,1,3
,,,,
368,12.220416,0,1,3
,,,,
304,12.077784,1,1,3
,,,,
320,12.077784,1,1,3
,,,,
337,12.077784,1,1,3
,,,,
399,12.077784,0,1,3
,,,,
306,12.077784,0,1,3
,,,,
382.5,11.947511,0,1,3
,,,,
343,11.812629,1,1,3
,,,,
317,11.689558,1,1,3
,,,,
337,11.689558,0,1,3
,,,,
313.5,11.689558,0,1,3
,,,,
317.5,11.558618,0,3,3
,,,,
314,12.1023035,1,1,3
,,,,
399,12.715317,0,3,3
,,,,
399,12.715317,0,1,3
,,,,
335,12.464366,1,1,3
,,,,
335,12.464366,1,1,3
,,,,
335,12.321062,1,1,3
,,,,
335,12.207991,0,1,3
,,,,
335,12.083503,0,1,3
,,,,
399,11.998159,1,1,3
,,,,
304,11.998159,1,1,3
,,,,
399,11.64184,1,5,3
,,,,
399,11.64184,0,5,3
,,,,
304,11.64184,0,3,3
,,,,
306,11.64184,1,3,3
,,,,
335,11.64184,0,3,3
,,,,
335,11.735752,0,3,3
,,,,
335,11.683132,0,5,3
,,,,
306,11.803884,0,5,3
,,,,
342.5,11.807292,1,5,3
,,,,
387.5,12.860307,1,5,3
,,,,
310,12.764286,1,5,3
,,,,
399,13.750983,0,5,3
,,,,
353.5,13.64917,0,5,3
,,,,
311.5,14.153566,1,1,3
,,,,
370,14.548682,1,1,3
,,,,
351,14.548682,1,1,3
,,,,
306,14.440161,1,1,3
,,,,
337,14.917618,0,1,3
,,,,
312,14.917618,1,1,3
,,,,
335,14.917618,1,1,3
,,,,
370,14.917618,1,1,3
,,,,
312,14.917618,0,1,3
,,,,
311.5,14.917618,1,1,3
,,,,
378,14.917618,1,1,3
,,,,
306,nan,1,1,3
,,,,
306,72.1734,0,1,3
,,,,
335,37.204735,0,1,3
,,,,
335,25.857248,1,1,3
,,,,
376,25.857248,1,1,3
,,,,
335,25.857248,0,1,3
,,,,
399,25.857248,0,1,3
,,,,
335,25.857248,0,1,3
,,,,
399,20.642937,0,1,3
,,,,
335,21.99544,1,1,3
,,,,
335,29.74934,1,1,3
,,,,
337,23.281208,1,1,3
,,,,
306,25.635971,1,1,3
,,,,
335,24.510448,1,1,3
,,,,
335,25.481241,0,1,3
,,,,
335,27.507357,0,5,3
,,,,
337,26.496506,1,1,3
,,,,
335,27.209713,1,1,3
,,,,
337,30.110252,1,1,3
,,,,
335,29.181114,0,1,3
,,,,
304,27.501217,1,1,3
,,,,
304,28.7092,0,1,3
,,,,
399,27.906406,0,5,3
,,,,
335,27.172968,0,5,3
,,,,
335,26.49673,0,5,3
,,,,
311.5,25.92615,0,5,3
,,,,
306,26.346573,1,5,3
,,,,
337,25.766748,0,5,3
,,,,
304,26.295668,0,1,3
,,,,
335,27.251343,1,5,3
,,,,
368,27.586481,1,5,3
,,,,
304,29.235937,0,5,3
,,,,
335,28.204332,0,5,3
,,,,
335,27.219654,0,5,3
,,,,
304,26.742933,0,5,3
,,,,
399,27.377699,1,5,3
,,,,
335,26.985107,1,5,3
,,,,
335,27.266891,0,5,3
,,,,
399,27.266891,0,1,3
,,,,
399,27.266891,1,1,3
,,,,
399,28.002214,1,1,3
,,,,
399,28.002214,1,1,3
,,,,
335,27.642878,1,1,3
,,,,
399,27.642878,1,1,3
,,,,
368,27.91574,1,1,3
,,,,
399,27.137346,1,1,3
,,,,
368,27.803637,1,1,3
,,,,
335,28.09481,0,1,3
,,,,
399,27.68764,0,1,3
,,,,
306,26.947542,1,1,3
,,,,
335,28.20774,0,1,3
,,,,
335,27.508867,1,1,3
,,,,
399,27.17633,0,1,3
,,,,
335,27.762867,1,1,3
,,,,
335,28.014908,1,1,3
,,,,
337,28.570261,0,1,3
,,,,
399,28.245148,1,1,3
,,,,
399,28.487146,0,1,3
,,,,
335,28.174633,1,1,3
,,,,
304,28.756659,1,1,3
,,,,
368,28.906805,0,1,3
,,,,
310,29.390242,1,1,3
,,,,
399,29.075905,1,1,3
,,,,
310,28.7929,1,1,3
,,,,
335,28.991463,0,1,3
,,,,
335,29.440058,1,1,3
,,,,
335,29.15878,0,1,3
,,,,
399,28.866734,1,1,3
,,,,
399,29.092789,1,1,3
,,,,
335,28.81874,0,1,3
,,,,
337,29.248291,0,1,3
,,,,
306,29.428165,0,1,3
,,,,
335,28.906864,1,1,3
,,,,
335,28.906864,1,1,3
,,,,
399,28.906864,1,1,3
,,,,
399,29.264475,0,1,3
,,,,
335,29.264475,1,1,3
,,,,
399,29.004812,0,1,3
,,,,
376,28.750051,0,1,3
,,,,
335,28.502256,1,1,3
,,,,
335,28.266125,0,1,3
,,,,
335,28.4458,1,1,3
,,,,
304,28.4458,0,1,3
,,,,
335,28.4458,0,1,3
,,,,
368,28.84323,1,1,3
,,,,
335,28.613935,0,1,3
,,,,
337,28.40584,1,1,3
,,,,
337,28.218693,1,1,3
,,,,
304,27.9994,1,1,3
,,,,
399,27.775267,1,1,3
,,,,
335,27.554966,0,1,3
,,,,
399,27.706268,1,1,3
,,,,
368,28.062511,0,1,3
,,,,
399,27.849072,0,1,3
,,,,
399,27.632393,1,1,3
,,,,
335,27.78,0,1,3
,,,,
335,27.362858,0,1,3
,,,,
376,26.960592,0,1,3
,,,,
335,26.570707,0,1,3
,,,,
335,26.189547,1,1,3
,,,,
335,25.819765,0,1,3
,,,,
335,26.139996,0,1,3
,,,,
335,26.139996,0,1,3
,,,,
399,25.984554,0,1,3
,,,,
399,25.984554,0,1,3
,,,,
399,25.984554,1,1,3
,,,,
370,25.817966,1,1,3
,,,,
335,25.817966,1,1,3
,,,,
335,25.817966,0,1,3
,,,,
399,25.669905,1,1,3
,,,,
399,25.523972,1,1,3
,,,,
335,25.351757,0,1,3
,,,,
304,25.17905,1,1,3
,,,,
335,25.011692,1,1,3
,,,,
337,24.852423,0,1,3
,,,,
368,24.68678,0,1,3
,,,,
399,24.530321,0,1,3
,,,,
399,24.692812,1,1,3
,,,,
335,24.541079,0,1,3
,,,,
399,24.85094,1,1,3
,,,,
370,24.691933,1,1,3
,,,,
335,24.535034,0,1,3
,,,,
376,24.38833,1,1,3
,,,,
335,24.242002,1,1,3
,,,,
335,24.10512,0,5,3
,,,,
335,23.96403,1,1,3
,,,,
335,23.836843,0,1,3
,,,,
335,23.836843,1,3,3
,,,,
399,23.836843,1,1,3
,,,,
399,23.697756,1,3,3
,,,,
399,23.561922,0,5,3
,,,,
399,23.447603,0,1,3
,,,,
335,23.32082,1,1,3
,,,,
374,23.18218,0,1,3
,,,,
304,23.373152,0,1,3
,,,,
399,23.239254,0,1,3
,,,,
399,23.5308,1,1,3
,,,,
337,23.680073,0,1,3
,,,,
337,23.948238,1,1,3
,,,,
335,24.122742,0,1,3
,,,,
356.5,24.40471,0,1,3
,,,,
374,24.283785,1,1,3
,,,,
399,24.406834,1,1,3
,,,,
399,24.925158,1,1,3
,,,,
377,24.789988,1,1,3
,,,,
335,24.53108,1,1,3
,,,,
335,24.785627,1,1,3
,,,,
399,24.656504,1,1,3
,,,,
399,24.782896,1,1,3
,,,,
335,24.677475,1,1,3
,,,,
335,24.926304,1,1,3
,,,,
337,24.819174,1,1,3
,,,,
370,24.713188,1,1,3
,,,,
304,24.713188,0,1,3
,,,,
304,24.603012,1,1,3
,,,,
335,24.48871,1,1,3
,,,,
335,24.48871,1,1,3
,,,,
393.5,24.386137,0,1,3
,,,,
304,24.27327,1,1,3
,,,,
335,24.154211,0,1,3
,,,,
335,24.045443,0,1,3
,,,,
304,23.94275,1,1,3
,,,,
399,23.835352,1,1,3
,,,,
399,23.725153,0,5,3
,,,,
335,23.875193,1,5,3
,,,,
399,24.09873,1,5,3
,,,,
376,24.20929,1,5,3
,,,,
335,24.322247,1,5,3
,,,,
399,24.209953,0,5,3
,,,,
335,24.102762,1,5,3
,,,,
399,24.20666,1,5,3
,,,,
304,23.996416,0,5,3
,,,,
335,23.786263,0,5,3
,,,,
399,23.580053,0,5,3
,,,,
399,23.403704,1,5,3
,,,,
368,23.613554,1,5,3
,,,,
399,23.511255,0,5,3
,,,,
335,23.426794,0,1,3
,,,,
321,23.347599,1,1,3
,,,,
335,23.251638,0,1,3
,,,,
304,23.251638,0,1,3
,,,,
399,23.251638,1,1,3
,,,,
399,23.251638,1,1,3
,,,,
399,23.155478,1,1,3
,,,,
399,23.073696,0,1,3
,,,,
368,22.980251,1,1,3
,,,,
304,22.980251,0,1,3
,,,,
335,22.882126,0,1,3
,,,,
335,23.01937,1,1,3
,,,,
399,23.242552,0,1,3
,,,,
399,23.144997,1,1,3
,,,,
335,23.048292,0,1,3
,,,,
399,22.954233,0,1,3
,,,,
399,22.954233,0,1,3
,,,,
368,22.885473,1,1,3
,,,,
399,22.817308,1,1,3
,,,,
399,22.723673,0,1,3
,,,,
399,22.649576,0,1,3
,,,,
399,22.557451,1,1,3
,,,,
399,22.466106,0,1,3
,,,,
335,22.375532,1,1,3
,,,,
374,22.290913,1,1,3
,,,,
399,22.20183,0,1,3
,,,,
399,22.12182,0,1,3
,,,,
306,22.044989,0,1,3
,,,,
306,nan,1,3,3
,,,,
323,nan,0,3,3
,,,,
368,nan,0,3,3
,,,,
312,nan,1,1,3
,,,,
335,85.146935,0,1,3
,,,,
334,38.770298,1,1,3
,,,,
335,43.675648,1,1,3
,,,,
399,49.195026,1,1,3
,,,,
337,49.195026,1,1,3
,,,,
306,49.195026,0,1,3
,,,,
304,49.195026,1,1,3
,,,,
335,49.195026,0,1,3
,,,,
304,45.180744,1,1,3
,,,,
399,45.774372,1,1,3
,,,,
376,41.338356,1,1,3
,,,,
360,37.853054,1,1,3
,,,,
399,41.29514,0,1,3
,,,,
399,41.485817,1,1,3
,,,,
399,46.204094,0,1,3
,,,,
368,41.250088,1,1,3
,,,,
304,39.184296,0,1,3
,,,,
335,42.805378,1,1,3
,,,,
304,40.988247,0,1,3
,,,,
335,44.144978,1,1,3
,,,,
310,45.5084,1,1,3
,,,,
337,45.183086,0,1,3
,,,,
335,46.480064,0,1,3
,,,,
335,46.480064,1,1,3
,,,,
335,46.480064,0,1,3
,,,,
312,46.440205,1,1,3
,,,,
399,45.146152,0,1,3
,,,,
335,42.86908,0,1,3
,,,,
335,43.99946,1,1,3
,,,,
304,43.846634,1,1,3
,,,,
399,43.846634,0,1,3
,,,,
335,41.965748,1,1,3
,,,,
310,42.855217,1,1,3
,,,,
342.5,43.629436,1,1,3
,,,,
399,44.43828,0,1,3
,,,,
304,43.433464,0,1,3
,,,,
323,42.44664,0,1,3
,,,,
374,41.50467,1,1,3
,,,,
399,41.615658,0,1,3
,,,,
335,42.487827,1,1,3
,,,,
335,41.64925,1,1,3
,,,,
335,40.982937,1,1,3
,,,,
348,41.2318,0,1,3
,,,,
335,40.47734,0,1,3
,,,,
304,39.022892,1,1,3
,,,,
310,39.681374,1,1,3
,,,,
304,39.029255,0,1,3
,,,,
306,38.39716,0,1,3
,,,,
399,37.789665,0,1,3
,,,,
399,37.233906,1,1,3
,,,,
311.5,37.348217,0,1,3
,,,,
348,36.81233,0,1,3
,,,,
333,36.81233,1,1,3
,,,,
399,36.81233,0,1,3
,,,,
377,36.81233,0,1,3
,,,,
337,36.81233,0,1,3
,,,,
348,36.81233,1,1,3
,,,,
399,36.81233,1,1,3
,,,,
399,36.81233,1,1,3
,,,,
335,36.81233,0,1,3
,,,,
334,36.81233,0,1,3
,,,,
399,36.81233,0,1,3
,,,,
399,36.81233,1,1,3
,,,,
399,36.81233,0,1,3
,,,,
368,36.81233,0,1,3
,,,,
399,36.81233,1,1,3
,,,,
304,36.81233,1,1,3
,,,,
304,36.81233,0,1,3
,,,,
399,36.81233,0,1,3
,,,,
399,36.81233,0,1,3
,,,,
337,36.52454,1,1,3
,,,,
370,36.52454,1,1,3
,,,,
376,36.52454,1,1,3
,,,,
335,36.119934,0,1,3
,,,,
321,36.695824,0,1,3
,,,,
304,36.161255,0,1,3
,,,,
376,36.21052,1,3,3
,,,,
335,36.739227,0,5,3
,,,,
368,36.8337,1,1,3
,,,,
304,36.8337,0,1,3
,,,,
335,37.87266,1,1,3
,,,,
399,37.403603,1,1,3
,,,,
376,37.793034,0,1,3
,,,,
335,37.354603,0,1,3
,,,,
399,37.354603,1,1,3
,,,,
345,37.34155,1,1,3
,,,,
399,36.897175,0,1,3
,,,,
306,37.43299,0,1,3
,,,,
368,37.07039,1,1,3
,,,,
376,36.740868,1,1,3
,,,,
399,36.3834,0,1,3
,,,,
335,35.999348,0,1,3
,,,,
335,35.63582,0,1,3
,,,,
374,35.2447,0,1,3
,,,,
345,35.2447,1,1,3
,,,,
304,34.86258,0,1,3
,,,,
399,34.549137,1,1,3
,,,,
304,34.296246,0,1,3
,,,,
376,34.004757,1,1,3
,,,,
304,33.66583,1,1,3
,,,,
335,33.3242,1,1,3
,,,,
306,32.99629,1,1,3
,,,,
335,32.822037,0,1,3
,,,,
370,33.254932,0,1,3
,,,,
399,32.938416,1,1,3
,,,,
304,32.938416,1,1,3
,,,,
399,32.938416,1,1,3
,,,,
399,32.938416,1,1,3
,,,,
304,32.716816,1,1,3
,,,,
380,32.716816,0,1,3
,,,,
323,32.412006,0,1,3
,,,,
335,32.23994,1,1,3
,,,,
399,31.964283,1,1,3
,,,,
399,31.710564,1,1,3
,,,,
399,31.454683,1,1,3
,,,,
399,31.155115,1,1,3
,,,,
399,30.870632,1,1,3
,,,,
308,30.619505,0,1,3
,,,,
335,30.402761,1,1,3
,,,,
370,30.144352,1,1,3
,,,,
335,29.90309,1,1,3
,,,,
335,29.982876,0,1,3
,,,,
399,29.784935,0,1,3
,,,,
399,30.240711,1,1,3
,,,,
335,29.990047,0,1,3
,,,,
335,30.168016,1,1,3
,,,,
399,29.95473,1,1,3
,,,,
304,30.233686,0,1,3
,,,,
304,30.032427,0,1,3
,,,,
335,30.16481,0,1,3
,,,,
399,30.54511,0,1,3
,,,,
335,30.388943,1,1,3
,,,,
382,30.204073,1,1,3
,,,,
337,29.98023,1,1,3
,,,,
368,29.767788,1,1,3
,,,,
399,29.558666,0,1,3
,,,,
335,29.558666,0,1,3
,,,,
335,29.558666,1,1,3
,,,,
399,30.01609,1,1,3
,,,,
335,30.775574,0,1,3
,,,,
335,31.138168,0,1,3
,,,,
368,31.24053,1,1,3
,,,,
310,31.24053,1,1,3
,,,,
399,31.24053,0,1,3
,,,,
370,31.24053,0,1,3
,,,,
399,31.24053,0,1,3
,,,,
335,31.904362,1,1,3
,,,,
399,31.492704,0,1,3
,,,,
335,32.152363,0,1,3
,,,,
310,32.468956,1,1,3
,,,,
399,32.240303,1,1,3
,,,,
335,32.014847,0,1,3
,,,,
304,32.11944,0,1,3
,,,,
335,31.711256,1,1,3
,,,,
399,31.31403,0,1,3
,,,,
312,30.92733,0,1,3
,,,,
399,31.5204,1,1,3
,,,,
399,31.13949,0,1,3
,,,,
308,31.74299,1,1,3
,,,,
399,31.556236,1,1,3
,,,,
368,31.556236,0,1,3
,,,,
323,nan,0,1,3
,,,,
399,75.23962,1,1,3
,,,,
345,38.11981,0,1,3
,,,,
381,26.079872,1,1,3
,,,,
399,37.58766,1,1,3
,,,,
345,37.58766,0,1,3
,,,,
306,31.914038,1,1,3
,,,,
399,37.15965,1,1,3
,,,,
376,32.30288,0,1,3
,,,,
376,28.938166,1,1,3
,,,,
304,28.938166,0,1,3
,,,,
399,26.037085,0,1,3
,,,,
347,23.943277,0,1,3
,,,,
345,22.141443,1,1,3
,,,,
335,21.129656,0,1,3
,,,,
335,20.756514,1,1,3
,,,,
399,20.955135,1,1,3
,,,,
304,21.575827,0,1,3
,,,,
376,21.575827,0,1,3
,,,,
399,22.437046,1,1,3
,,,,
399,22.259367,1,1,3
,,,,
317,21.569893,1,1,3
,,,,
370,21.64973,1,1,3
,,,,
306,22.03864,0,1,3
,,,,
399,22.661957,0,1,3
,,,,
368,23.047543,0,1,3
,,,,
366,23.053947,0,1,3
,,,,
399,22.926697,0,1,3
,,,,
387.5,22.73074,1,1,3
,,,,
375.5,22.471865,0,1,3
,,,,
332,21.861795,0,1,3
,,,,
321,21.18816,1,1,3
,,,,
399,20.5063,0,1,3
,,,,
399,22.123722,1,1,3
,,,,
399,21.861668,0,1,3
,,,,
335,24.024986,0,1,3
,,,,
323,23.812998,0,1,3
,,,,
348,24.276297,1,1,3
,,,,
335,23.230476,1,1,3
,,,,
399,24.476418,1,1,3
,,,,
348,23.900099,1,1,3
,,,,
345,23.477596,0,1,3
,,,,
335,23.029339,0,1,3
,,,,
337,23.029339,0,1,3
,,,,
348,24.238737,1,1,3
,,,,
337,23.908766,0,1,3
,,,,
306,23.52609,1,1,3
,,,,
335,25.596138,1,1,3
,,,,
335,26.475164,0,1,3
,,,,
399,25.970184,0,1,3
,,,,
372.5,25.480997,0,1,3
,,,,
335,25.016098,1,1,3
,,,,
345,24.553316,0,1,3
,,,,
399,24.141949,1,1,3
,,,,
399,23.72863,0,1,3
,,,,
376.5,23.33062,0,1,3
,,,,
335,23.02142,1,1,3
,,,,
347,22.68175,0,1,3
,,,,
399,23.102089,0,1,3
,,,,
368,22.796951,1,1,3
,,,,
375.5,23.694586,1,1,3
,,,,
348,23.405869,1,1,3
,,,,
304,23.086508,1,1,3
,,,,
399,22.742504,1,1,3
,,,,
399,22.471298,1,1,3
,,,,
399,22.156355,1,1,3
,,,,
310,21.884935,1,1,3
,,,,
380,21.884935,1,3,3
,,,,
337,21.884935,0,1,3
,,,,
317.5,21.605492,0,1,3
,,,,
376.5,22.37132,0,1,3
,,,,
335,22.06565,0,1,3
,,,,
306,21.853458,1,1,3
,,,,
345,22.371264,0,1,3
,,,,
399,22.191103,0,1,3
,,,,
399,21.951658,0,1,3
,,,,
304,21.696682,0,1,3
,,,,
370,21.482056,1,1,3
,,,,
335,21.376337,1,1,3
,,,,
348,21.205643,1,1,3
,,,,
317,20.949875,1,1,3
,,,,
337,20.76706,0,1,3
,,,,
312,21.139212,0,1,3
,,,,
335,21.509287,0,1,3
,,,,
399,21.955877,0,1,3
,,,,
399,21.715006,0,1,3
,,,,
399,22.280169,0,1,3
,,,,
304,22.105204,1,1,3
,,,,
304,21.972902,1,1,3
,,,,
335,21.798285,0,1,3
,,,,
399,22.109798,0,1,3
,,,,
335,21.750635,0,1,3
,,,,
335,21.58016,1,1,3
,,,,
335,21.276077,0,1,3
,,,,
335,20.870556,0,1,3
,,,,
335,21.361498,0,1,3
,,,,
335,21.161875,0,1,3
,,,,
306,21.559092,1,1,3
,,,,
368,22.02592,1,1,3
,,,,
368,22.364815,0,1,3
,,,,
335,22.89208,1,1,3
,,,,
337,22.78298,0,1,3
,,,,
335,22.66677,1,1,3
,,,,
304,22.553104,0,1,3
,,,,
335,22.322477,0,1,3
,,,,
399,22.322477,0,1,3
,,,,
368,22.171394,0,1,3
,,,,
335,22.126682,1,1,3
,,,,
335,22.49382,1,1,3
,,,,
335,22.873262,0,1,3
312.0,nan,0,5,1
357.0,nan,0,5,1
338.0,nan,1,5,1
331.5,nan,0,5,1
317.5,nan,1,5,1
337.0,nan,1,5,1
312.0,nan,1,5,1
317.5,nan,0,5,1
335.0,nan,0,5,1
342.5,nan,1,5,1
306.0,2.0,1,5,1
304.0,34.71101,0,5,1
337.0,21.10945,1,5,1
337.0,15.221036,0,5,1
306.0,12.50525,0,5,1
342.0,10.595204,0,5,1
335.0,9.150882,0,5,1
304.0,8.064097,1,5,1
335.0,7.305737,0,5,1
335.0,6.7288322,1,5,1
368.0,6.183229,0,5,1
387.0,5.7070446,1,5,1
376.0,5.4841456,1,5,1
337.0,5.234804,1,5,1
304.0,5.119275,0,5,1
310.0,5.119275,1,5,1
337.0,8.128814,1,5,1
376.5,11.453818,0,5,1
382.0,10.923234,1,5,1
387.0,10.4424715,0,5,1
370.0,10.130029,0,5,1
375.5,9.708705,0,5,1
331.5,14.043487,1,5,1
375.5,17.926373,0,5,1
323.0,17.583237,0,5,1
335.0,19.328724,1,5,1
317.5,19.328724,0,5,1
381.5,18.930273,1,5,1
304.0,18.930273,0,5,1
387.5,18.656921,0,5,1
381.0,19.735048,1,5,1
306.0,21.182085,0,5,1
387.0,20.847593,1,5,1
309.0,20.504372,0,5,1
337.0,21.337658,1,5,1
317.5,21.015257,0,5,1
335.0,20.696455,0,5,1
304.0,21.7895,0,5,1
399.0,22.619736,1,5,1
335.0,22.42908,1,5,1
387.0,24.492733,1,5,1
306.0,24.37797,1,5,1
356.0,25.381443,1,5,1
335.0,25.392141,1,5,1
399.0,26.12409,1,5,1
335.0,28.08659,0,5,1
337.0,27.335255,1,5,1
368.0,28.247267,0,5,1
335.0,29.121782,0,5,1
399.0,28.589756,1,5,1
399.0,27.965336,1,5,1
323.0,28.75042,1,5,1
370.0,28.615742,0,5,1
375.5,28.615742,1,5,1
378.0,28.615742,1,5,1
337.0,29.054808,1,5,1
348.0,30.602491,1,5,1
317.5,30.20355,0,5,1
351.0,31.557552,0,5,1
382.0,32.841385,1,5,1
361.0,32.234406,1,5,1
381.0,31.93838,1,5,1
306.0,32.51404,0,5,1
304.0,32.191936,1,5,1
351.5,31.876612,0,5,1
312.0,32.210133,1,5,1
376.0,31.923529,0,5,1
337.0,32.473507,0,5,1
312.0,32.20708,1,5,1
383.0,32.466267,1,5,1
337.0,33.51636,0,5,1
335.0,34.55432,1,5,1
304.0,33.966805,1,5,1
374.0,33.720055,0,5,1
393.0,34.25007,1,5,1
340.0,33.9818,0,5,1
306.0,33.703648,0,5,1
376.0,33.414234,0,5,1
342.5,33.129898,0,5,1
317.5,32.861256,0,5,1
399.0,33.112923,0,5,1
323.0,32.56829,0,5,1
323.0,32.038235,0,5,1
399.0,33.021397,1,5,1
374.0,33.521267,1,5,1
335.0,33.521267,1,5,1
399.0,33.521267,1,5,1
323.0,33.521267,0,5,1
338.0,33.521267,0,5,1
362.0,33.744614,1,5,1
387.5,34.670517,1,5,1
335.0,34.155693,0,5,1
368.0,33.67033,1,5,1
399.0,33.4278,0,5,1
323.0,34.347736,0,5,1
306.0,34.771687,0,5,1
317.5,34.973804,1,5,1
376.0,34.729385,1,5,1
387.5,34.259197,1,5,1
345.0,35.09507,0,5,1
304.0,34.620754,0,5,1
317.5,34.397324,1,5,1
317.5,34.98613,1,5,1
399.0,34.546913,0,5,1
387.0,34.116467,0,5,1
312.0,34.882774,0,5,1
335.0,35.25536,1,5,1
323.0,35.411983,1,5,1
312.0,34.987007,0,5,1
304.0,34.987007,1,5,1
376.0,34.987007,1,5,1
323.0,34.987007,1,5,1
323.0,34.987007,0,5,1
383.0,34.987007,0,5,1
337.0,34.987007,1,5,1
399.0,34.987007,1,5,1
399.0,34.987007,1,5,1
317.5,34.987007,0,5,1
306.0,34.987007,1,3,1
376.0,34.987007,1,5,1
345.0,34.987007,0,3,1
356.0,34.987007,0,3,1
317.5,34.987007,0,3,1
387.0,34.987007,0,3,1
317.0,34.987007,0,3,1
362.0,34.987007,1,3,1
323.0,34.987007,0,3,1
376.0,34.987007,1,3,1
375.0,34.987007,1,3,1
335.0,34.987007,1,3,1
323.0,34.987007,1,3,1
304.0,34.987007,0,3,1
368.0,34.987007,1,5,1
304.0,34.987007,1,5,1
306.0,34.987007,1,5,1
318.0,34.987007,0,5,1
387.5,34.987007,1,3,1
317.5,34.987007,1,3,1
368.0,34.987007,0,3,1
383.0,34.987007,0,3,1
362.0,34.987007,0,3,1
382.0,34.987007,0,3,1
306.0,34.987007,0,3,1
399.0,34.987007,1,3,1
370.0,34.987007,0,3,1
351.5,34.987007,1,5,1
323.0,34.987007,1,5,1
323.0,34.987007,1,3,1
317.5,34.987007,1,3,1
317.0,34.987007,0,3,1
317.5,34.987007,1,3,1
387.5,34.987007,0,3,1
399.0,34.987007,0,3,1
310.0,34.811367,0,3,1
399.0,34.811367,1,3,1
399.0,34.811367,1,3,1
383.0,34.811367,1,3,1
317.5,35.207592,0,3,1
312.0,35.00027,1,3,1
380.0,34.79905,0,3,1
317.5,34.594204,0,3,1
304.0,34.394325,0,3,1
335.0,34.394325,1,3,1
393.0,34.394325,1,3,1
331.0,34.394325,1,3,1
321.0,34.394325,1,3,1
304.0,34.394325,1,3,1
317.5,34.394325,1,3,1
314.5,34.394325,1,3,1
304.0,34.394325,0,3,1
387.0,34.394325,1,3,1
356.0,34.394325,1,3,1
381.0,34.394325,0,3,1
349.0,34.394325,1,3,1
304.0,34.394325,1,3,1
368.0,34.394325,0,3,1
304.0,34.394325,0,3,1
375.5,34.394325,0,3,1
317.5,34.18837,0,3,1
357.0,34.335762,0,3,1
317.0,34.133785,0,3,1
374.0,34.466465,1,3,1
351.5,34.62544,1,3,1
383.0,34.246864,1,3,1
317.5,34.246864,1,3,1
317.0,34.246864,1,3,1
381.0,34.08866,1,3,1
356.0,33.762222,1,3,1
377.0,34.41537,0,3,1
381.5,34.044952,0,3,1
310.0,33.901592,1,3,1
335.0,33.901592,0,5,1
387.5,33.901592,1,5,1
306.0,33.901592,1,5,1
312.0,33.901592,0,5,1
381.5,33.901592,0,5,1
320.0,33.58495,1,5,1
357.0,33.238663,1,5,1
306.0,33.892334,0,5,1
387.0,33.721397,1,5,1
331.0,34.031784,1,5,1
317.5,33.884903,1,5,1
317.5,33.884903,1,5,1
387.5,33.884903,1,3,1
323.0,33.884903,0,5,1
306.0,34.03872,1,5,1
387.5,34.661205,0,5,1
387.5,35.276215,1,5,1
306.0,35.89856,0,5,1
320.0,36.5184,0,5,1
314.5,36.176235,0,5,1
387.5,36.791153,0,5,1
382.0,37.39905,0,3,1
351.5,37.70346,1,3,1
387.5,37.838158,1,3,1
398.0,37.494205,1,3,1
387.5,37.61283,1,3,1
390.0,37.61283,1,3,1
323.0,37.61283,1,3,1
318.5,37.61283,1,3,1
345.0,37.46184,0,3,1
312.0,37.32885,0,3,1
387.5,37.447334,1,3,1
335.0,37.117493,1,3,1
382.0,36.81074,0,3,1
335.0,36.51361,1,3,1
317.5,36.205833,0,3,1
317.5,36.760586,0,3,1
380.0,37.318592,0,3,1
335.0,37.0104,0,3,1
362.0,36.70569,1,3,1
335.0,36.571762,1,3,1
304.0,36.287987,1,3,1
306.0,36.554565,1,3,1
399.0,36.41944,0,3,1
335.0,36.281445,0,3,1
335.0,36.41165,1,3,1
306.0,36.143845,0,3,1
387.5,35.86596,0,3,1
304.0,35.58993,1,3,1
399.0,35.319233,1,3,1
383.0,35.049576,1,3,1
380.0,34.784145,0,3,1
304.0,34.522846,0,3,1
337.0,34.26172,0,3,1
323.0,34.00684,0,3,1
335.0,33.760536,0,3,1
331.0,33.517952,0,3,1
399.0,33.277477,1,3,1
399.0,33.039032,0,5,1
399.0,32.817307,1,3,1
387.5,32.584213,0,3,1
399.0,33.07089,0,3,1
399.0,33.53973,0,3,1
368.0,33.31408,1,3,1
362.0,33.08053,0,3,1
387.5,32.85527,0,3,1
354.5,32.632557,1,3,1
323.0,32.413563,0,3,1
351.0,32.199036,0,5,1
338.0,32.091454,1,3,1
399.0,32.3181,1,3,1
311.5,32.43204,0,3,1
317.5,32.65166,1,3,1
376.0,32.547756,1,3,1
399.0,32.447933,1,3,1
304.0,32.35681,1,3,1
306.0,32.26247,1,3,1
399.0,32.166626,0,3,1
348.0,32.062737,1,3,1
399.0,31.966722,1,3,1
399.0,31.966722,0,3,1
304.0,31.868277,0,3,1
304.0,31.767769,0,3,1
323.0,31.767769,0,3,1
376.0,31.767769,1,3,1
348.0,31.767769,1,3,1
323.0,31.767769,1,3,1
399.0,31.666561,1,3,1
377.0,31.666561,0,3,1
323.0,31.666561,0,3,1
306.0,31.666561,1,3,1
335.0,31.666561,0,3,1
304.0,31.666561,0,3,1
304.0,31.582409,0,3,1
366.0,31.582409,0,3,1
399.0,31.582409,0,3,1
335.0,31.505342,0,3,1
368.0,31.505342,1,3,1
370.0,31.505342,0,3,1
368.0,31.505342,1,3,1
342.5,31.505342,0,3,1
338.0,31.505342,0,3,1
321.0,31.505342,0,3,1
383.0,31.505342,0,3,1
348.0,31.505342,0,3,1
383.0,31.505342,1,3,1
306.0,31.505342,0,5,1
348.0,31.505342,0,3,1
342.5,31.505342,1,5,1
387.5,31.505342,1,5,1
351.0,31.505342,1,5,1
323.0,31.505342,1,5,1
383.0,31.505342,1,5,1
338.0,31.623373,0,5,1
323.0,31.525608,0,5,1
320.0,31.727156,0,5,1
306.0,31.832865,0,5,1
382.0,31.633291,1,3,1
323.0,31.437555,1,3,1
317.0,31.63203,1,3,1
337.0,31.728535,0,5,1
306.0,31.533964,1,3,1
323.0,31.173197,1,3,1
339.0,31.173197,0,3,1
337.0,31.173197,0,3,1
335.0,31.077574,1,3,1
399.0,31.077574,0,3,1
343.0,31.077574,1,3,1
304.0,31.077574,0,3,1
337.0,31.077574,1,3,1
323.0,31.077574,0,3,1
357.0,31.077574,0,3,1
342.5,31.077574,1,3,1
383.0,31.077574,1,5,1
323.0,31.077574,0,5,1
323.0,31.077574,1,5,1
380.0,30.899206,0,5,1
338.0,31.091064,1,3,1
356.5,31.091064,0,3,1
311.5,31.091064,0,3,1
317.5,31.091064,1,3,1
323.0,31.091064,1,3,1
306.0,31.117128,0,5,1
317.5,31.027494,0,5,1
374.0,31.119112,0,5,1
368.0,30.94194,0,5,1
399.0,30.85776,0,5,1
337.0,30.684351,1,5,1
323.0,31.060396,1,5,1
383.0,31.242441,0,5,1
304.0,31.15648,1,5,1
310.0,31.071014,0,5,1
399.0,30.98485,0,5,1
335.0,30.89918,0,5,1
368.0,30.813997,1,5,1
323.0,30.729301,0,5,1
399.0,30.821362,1,5,1
399.0,30.993942,0,5,1
304.0,30.993942,0,5,1
383.0,30.910852,1,5,1
304.0,30.910852,0,5,1
338.0,30.910852,1,3,1
319.0,30.910852,0,5,1
376.5,nan,0,5,2
345.0,nan,0,5,2
337.0,nan,0,5,2
368.0,nan,1,5,2
376.0,nan,0,5,2
362.0,41.109608,1,5,2
337.0,24.194859,0,5,2
306.0,24.194859,0,5,2
304.0,16.46324,1,5,2
368.0,13.597429,1,5,2
304.0,12.142855,1,2,2
323.0,12.142855,1,5,2
306.0,12.142855,0,5,2
362.0,12.142855,1,5,2
335.0,12.142855,1,5,2
312.0,12.142855,1,5,2
382.0,12.142855,1,2,2
337.0,12.142855,0,5,2
304.0,12.142855,1,2,2
362.0,12.142855,1,5,2
337.0,12.142855,0,5,2
368.0,18.132921,1,5,2
382.0,23.107191,1,5,2
362.0,20.669487,0,5,2
335.0,20.669487,0,5,2
312.0,19.268684,1,5,2
323.0,19.268684,1,5,2
323.0,19.268684,0,5,2
362.0,19.268684,1,5,2
338.0,17.841816,1,5,2
337.0,17.841816,0,5,2
368.0,17.841816,1,5,2
383.0,17.841816,1,5,2
312.0,17.841816,0,5,2
381.0,17.841816,0,5,2
342.5,17.841816,0,5,2
306.0,17.841816,0,5,2
337.0,17.841816,1,5,2
376.0,17.841816,0,5,2
304.0,17.038013,0,5,2
331.0,17.038013,0,5,2
304.0,17.038013,0,5,2
335.0,17.038013,1,5,2
312.0,17.038013,0,5,2
370.0,17.038013,1,5,2
325.0,17.038013,0,5,2
337.0,17.038013,1,5,2
370.0,17.038013,1,5,2
376.0,17.038013,1,5,2
368.0,17.038013,1,5,2
306.0,17.038013,1,5,2
399.0,17.038013,1,5,2
370.0,17.038013,0,5,2
331.0,17.038013,0,5,2
399.0,17.038013,0,5,2
323.0,17.038013,1,5,2
376.0,17.038013,0,5,2
399.0,17.038013,1,5,2
399.0,17.038013,0,5,2
335.0,17.038013,1,5,2
312.0,17.038013,1,5,2
323.0,17.038013,1,5,2
399.0,17.038013,0,5,2
399.0,17.038013,1,5,2
393.0,17.038013,1,5,2
323.0,17.038013,0,5,2
393.5,17.038013,1,5,2
376.0,17.038013,1,5,2
304.0,17.038013,0,5,2
337.0,17.038013,1,5,2
356.0,17.038013,0,5,2
337.0,17.038013,1,5,2
310.0,17.038013,1,5,2
304.0,17.038013,1,5,2
368.0,17.038013,1,5,2
310.0,17.038013,1,5,2
368.0,17.038013,0,2,2
312.0,17.038013,1,5,2
374.0,17.038013,0,5,2
335.0,17.038013,0,5,2
368.0,17.038013,1,5,2
388.0,17.038013,0,5,2
399.0,17.038013,1,5,2
311.5,17.038013,1,5,2
370.0,17.038013,1,5,2
323.0,17.038013,1,5,2
376.0,17.038013,0,5,2
306.0,17.038013,1,5,2
306.0,17.038013,0,5,2
380.0,17.038013,1,5,2
310.0,17.038013,1,5,2
393.0,17.038013,0,5,2
383.0,17.038013,1,5,2
317.5,17.038013,0,5,2
335.0,17.038013,1,5,2
323.0,17.038013,1,5,2
337.0,17.038013,1,5,2
310.0,17.038013,0,5,2
370.0,17.038013,1,5,2
306.0,17.59899,0,5,2
323.0,17.59899,0,5,2
317.0,17.59899,1,5,2
335.0,17.59899,1,5,2
351.0,17.59899,0,5,2
335.0,17.59899,1,5,2
338.0,17.59899,0,5,2
321.0,17.59899,1,5,2
306.0,17.59899,0,5,2
362.0,17.59899,1,2,2
304.0,17.59899,1,2,2
337.0,17.59899,0,2,2
337.0,17.59899,1,2,2
335.0,17.59899,1,5,2
357.0,17.59899,0,5,2
334.5,17.59899,1,5,2
312.0,17.59899,0,5,2
304.0,17.59899,0,5,2
376.0,17.59899,0,5,2
370.0,17.59899,1,5,2
323.0,17.59899,1,5,2
323.0,17.59899,0,5,2
395.0,17.59899,1,5,2
335.0,17.59899,0,5,2
323.0,17.12228,0,2,2
306.0,17.12228,1,5,2
335.0,17.12228,1,2,2
399.0,17.12228,0,5,2
380.0,17.12228,1,5,2
317.0,17.12228,0,5,2
337.0,17.12228,0,2,2
317.5,17.12228,0,2,2
337.0,17.12228,0,5,2
380.0,17.12228,1,2,2
335.0,17.12228,0,2,2
337.0,17.12228,0,2,2
306.0,17.12228,0,2,2
304.0,17.12228,0,5,2
375.5,17.12228,0,5,2
335.0,17.12228,0,5,2
383.0,17.12228,0,5,2
317.0,17.12228,0,5,2
348.0,17.12228,0,5,2
342.5,17.12228,0,5,2
370.0,17.12228,1,5,2
370.0,17.12228,1,2,2
337.0,17.12228,1,5,2
312.0,17.12228,1,5,2
306.0,17.12228,1,5,2
368.0,17.12228,1,5,2
399.0,17.12228,1,2,2
335.0,17.12228,1,2,2
335.0,17.12228,0,2,2
375.5,16.356625,0,2,2
337.0,16.356625,1,2,2
337.0,16.356625,1,5,2
348.0,16.356625,1,5,2
399.0,18.503912,1,5,2
399.0,18.775126,0,2,2
335.0,19.52253,1,5,2
335.0,19.480858,0,5,2
348.0,21.357698,1,5,2
399.0,21.014389,0,5,2
304.0,20.835659,1,5,2
399.0,20.235672,0,5,2
368.0,19.771595,0,5,2
371.0,19.416767,0,5,2
310.0,19.053658,0,5,2
335.0,18.573154,1,5,2
304.0,18.096518,1,5,2
399.0,17.968008,1,5,2
381.0,17.838282,0,5,2
310.0,17.560377,0,5,2
335.0,17.311764,0,5,2
370.0,16.944063,1,5,2
399.0,16.638803,0,5,2
335.0,16.27511,1,5,2
399.0,16.156252,0,5,2
304.0,16.042675,0,5,2
381.5,16.042675,0,5,2
310.0,16.042675,0,2,2
317.5,16.042675,0,5,2
399.0,16.063488,1,5,2
332.0,15.964301,1,5,2
312.0,17.874638,0,5,2
384.0,17.617146,1,5,2
335.0,19.724651,1,5,2
348.0,19.431334,1,5,2
337.0,19.106894,0,5,2
304.0,18.819832,0,5,2
331.0,18.606218,0,5,2
399.0,18.453426,1,5,2
337.0,18.224157,1,5,2
335.0,17.948502,1,5,2
399.0,17.644289,0,5,2
304.0,17.534307,1,5,2
383.0,17.411613,0,5,2
306.0,17.411613,1,5,2
317.5,17.14691,1,5,2
311.5,16.91023,1,5,2
335.0,16.646008,1,5,2
312.0,16.4053,1,5,2
383.0,16.178162,1,5,2
381.5,15.951622,0,5,2
323.0,15.737836,0,5,2
304.0,15.555581,0,5,2
306.0,15.420255,1,5,2
304.0,16.80457,1,5,2
399.0,16.617687,0,5,2
356.0,18.03183,1,5,2
304.0,17.818071,0,5,2
382.0,17.60223,0,5,2
304.0,17.391996,0,5,2
351.0,17.181843,1,5,2
337.0,18.254187,1,5,2
362.0,18.056433,0,5,2
306.5,19.25218,1,5,2
320.0,19.058325,1,5,2
312.0,18.858059,1,5,2
321.0,18.662508,0,2,2
382.0,18.662508,1,2,2
331.0,18.550797,0,2,2
379.5,18.441654,0,2,2
306.0,18.243456,1,2,2
304.0,18.103989,0,5,2
310.0,17.913944,1,5,2
387.5,17.739065,0,5,2
368.0,17.739065,0,2,2
350.5,17.619165,1,2,2
304.0,17.521584,1,2,2
370.0,17.521584,0,2,2
317.5,17.44625,0,2,2
390.0,17.44625,1,5,2
335.0,17.44625,1,2,2
304.0,17.283657,1,5,2
393.0,17.283657,1,2,2
348.0,17.283657,0,2,2
306.0,17.283657,1,5,2
317.5,17.283657,1,5,2
306.5,17.166119,0,5,2
343.5,17.166119,1,5,2
368.0,17.104408,0,5,2
381.0,16.991098,1,5,2
306.5,16.833755,1,5,2
384.5,16.833755,1,5,2
311.5,16.785835,1,5,2
335.0,16.785835,0,5,2
375.5,16.728998,1,5,2
335.0,16.578854,1,5,2
317.0,16.578854,0,5,2
342.5,16.448595,1,5,2
359.0,16.448595,1,5,2
368.5,16.448595,0,5,2
323.0,16.448595,0,5,2
323.0,16.36736,1,5,2
372.0,16.262768,0,5,2
323.0,16.118778,0,5,2
312.0,16.001833,1,5,2
323.0,15.909224,0,5,2
324.0,15.909224,1,5,2
342.5,15.821291,1,5,2
306.0,15.714944,0,5,2
304.0,15.591386,1,5,2
376.0,16.398525,0,5,2
399.0,16.145075,1,5,2
317.5,15.8967495,0,5,2
376.0,15.786,0,5,2
376.0,16.62817,0,5,2
368.0,16.506268,0,5,2
381.5,16.393229,0,5,2
319.0,16.28204,1,5,2
356.0,16.161163,0,5,2
387.0,16.161163,0,5,2
380.0,16.161163,1,5,2
306.0,16.09585,1,5,2
323.0,16.031582,1,5,2
399.0,nan,0,2,3
381.0,nan,1,5,3
323.0,4.472136,0,5,3
387.0,5.59017,1,5,3
323.0,9.111945,1,5,3
323.0,10.957064,1,5,3
338.0,10.107291,0,5,3
393.0,9.856463,1,5,3
375.5,10.94329,0,5,3
389.5,13.202534,1,5,3
323.0,23.984474,0,5,3
366.0,22.440432,0,5,3
362.0,34.621597,1,5,3
362.0,32.308346,1,2,3
323.0,37.0958,0,5,3
362.0,34.964813,0,5,3
306.0,33.280094,0,5,3
339.0,31.631508,1,5,3
387.5,30.229849,0,5,3
323.0,29.148474,0,5,3
345.0,27.827793,0,5,3
341.5,26.744713,0,5,3
323.0,25.712334,0,5,3
312.0,24.883942,0,5,3
331.5,24.208584,0,5,3
309.0,23.436066,1,5,3
396.0,22.720772,0,5,3
393.0,21.945028,0,5,3
383.0,21.188305,0,5,3
383.0,20.529167,1,5,3
331.0,19.995968,0,5,3
321.0,19.650602,0,5,3
389.5,19.425024,1,5,3
376.5,19.012089,1,5,3
331.0,18.732302,0,5,3
324.0,18.398298,0,5,3
335.0,18.01888,0,2,3
306.0,17.919477,1,5,3
383.0,17.773565,0,5,3
352.5,17.712364,1,1,3
306.5,17.533453,0,1,3
335.0,19.49238,1,1,3
343.0,19.12949,0,2,3
351.5,23.29492,1,1,3
372.5,22.875488,1,2,3
350.0,24.022799,0,1,3
312.0,23.64011,1,5,3
366.0,22.827776,1,5,3
335.0,22.102142,1,5,3
335.0,21.802105,0,5,3
304.0,21.546896,1,5,3
306.0,21.280523,0,5,3
344.5,20.994566,0,2,3
321.0,20.765146,1,5,3
380.0,20.59471,1,5,3
335.0,20.318003,1,5,3
366.0,20.01616,1,1,3
338.0,19.756868,0,5,3
389.5,21.033342,1,5,3
383.0,20.768145,1,5,3
306.0,20.768145,0,5,3
331.0,20.768145,1,5,3
323.0,20.768145,1,5,3
