Contour Area,Mean,Blinking,Voice,Music
,,,,
335,nan,0,0,5
,,,,
335,73.08525,1,0,3
,,,,
304,71.13425,1,1,4
,,,,
304,118.06427,0,1,8
,,,,
317.5,106.73767,1,0,2
,,,,
312,99.42516,1,1,4
,,,,
310,84.57834,0,0,2
,,,,
304,103.4227,1,1,4
,,,,
335,92.16252,0,0,9
,,,,
304,89.76435,0,1,9
,,,,
304,87.790115,1,0,5
,,,,
304,80.51595,1,1,1
,,,,
335,74.476265,0,1,2
,,,,
310,69.37661,0,0,3
,,,,
304,69.35763,1,0,1
,,,,
304,65.12946,0,1,8
,,,,
304,65.36325,0,0,8
,,,,
368,65.60201,0,0,4
,,,,
304,65.869514,1,0,2
,,,,
304,62.734154,1,1,5
,,,,
310,59.871483,1,0,5
,,,,
304,57.246326,0,0,1
,,,,
335,54.89292,0,0,8
,,,,
368,52.664646,0,0,5
,,,,
304,50.59806,1,0,7
,,,,
304,48.7558,0,1,3
,,,,
335,47.00241,0,0,5
,,,,
399,45.380215,1,1,0
,,,,
304,43.867104,0,1,2
,,,,
304,42.49484,0,0,9
,,,,
304,41.16298,1,1,8
,,,,
399,39.907883,1,0,6
,,,,
399,38.744007,0,0,10
,,,,
304,37.639984,1,1,5
,,,,
304,36.57884,1,0,0
,,,,
399,35.640614,0,0,4
,,,,
304,34.73959,0,0,5
,,,,
304,33.920605,0,0,0
,,,,
304,34.809586,1,0,10
,,,,
304,33.9798,1,1,1
,,,,
368,34.80106,0,1,1
,,,,
399,34.022896,1,1,7
,,,,
304,34.825787,0,0,4
,,,,
335,35.5599,1,0,3
,,,,
335,36.250732,0,0,2
,,,,
304,35.52135,0,0,10
,,,,
368,34.816944,0,0,2
,,,,
368,34.24108,0,1,5
,,,,
304,33.636387,0,0,0
,,,,
335,34.29799,0,1,7
,,,,
335,33.6745,1,1,3
,,,,
304,33.07726,1,0,9
,,,,
399,33.74843,0,1,6
,,,,
335,33.141975,1,1,7
,,,,
335,33.768345,0,0,1
,,,,
335,34.390186,1,1,10
,,,,
399,34.99997,1,1,7
,,,,
343,34.417336,0,1,9
,,,,
368,33.85445,1,1,4
,,,,
368,33.32457,1,0,7
,,,,
335,32.79466,0,0,10
,,,,
335,32.28184,0,0,10
,,,,
399,32.842552,0,0,4
,,,,
335,33.3935,0,0,7
,,,,
335,32.887447,1,1,6
,,,,
399,32.427032,1,1,9
,,,,
399,31.967197,1,0,7
,,,,
399,31.511797,0,1,2
,,,,
335,31.055105,0,1,1
,,,,
335,31.635763,0,0,9
,,,,
304,31.207193,1,1,4
,,,,
304,31.748997,0,1,9
,,,,
335,32.281826,1,0,2
,,,,
368,32.82014,1,1,1
,,,,
368,32.4053,1,1,0
,,,,
335,31.985493,1,1,0
,,,,
399,31.583084,1,0,8
,,,,
399,32.102364,0,1,7
,,,,
335,31.704954,0,0,2
,,,,
335,32.215992,1,0,5
,,,,
335,32.713886,1,1,4
,,,,
399,32.34185,0,0,2
,,,,
399,31.969229,0,0,8
,,,,
399,31.607904,1,0,3
,,,,
338,32.095592,0,0,9
,,,,
306,31.748394,1,0,3
,,,,
399,32.223225,1,1,7
,,,,
368,32.68131,1,1,4
,,,,
399,32.322052,1,1,0
,,,,
335,31.97633,0,1,6
,,,,
399,31.678,0,0,0
,,,,
399,31.385153,1,1,0
,,,,
399,31.091105,0,1,3
,,,,
335,30.796349,0,1,4
,,,,
399,33.240124,1,1,1
,,,,
399,32.92157,1,0,5
,,,,
399,32.5993,1,0,2
,,,,
304,32.280594,0,0,2
,,,,
335,31.974512,0,0,10
,,,,
399,31.668367,1,1,4
,,,,
335,31.377264,0,0,0
,,,,
399,31.082922,1,1,9
,,,,
368,30.796267,1,1,9
,,,,
304,31.158497,0,0,2
,,,,
399,31.514555,0,0,7
,,,,
399,31.22334,0,0,4
,,,,
399,31.576132,1,1,0
,,,,
399,31.298141,0,0,0
,,,,
335,31.02523,0,1,9
,,,,
335,31.366016,0,1,10
,,,,
335,31.09922,1,1,0
,,,,
335,30.829067,1,0,6
,,,,
399,30.563677,0,1,5
,,,,
335,30.30548,0,1,9
,,,,
335,30.650421,1,0,2
,,,,
399,30.397688,1,1,7
,,,,
399,30.735977,0,1,0
,,,,
399,30.48679,1,0,2
,,,,
335,30.235853,1,0,8
,,,,
335,30.566853,0,1,4
,,,,
368,30.89652,0,0,2
,,,,
335,30.65416,1,0,1
,,,,
335,30.409996,0,1,7
,,,,
335,30.732914,1,0,8
,,,,
399,31.054916,0,0,5
,,,,
399,30.823853,1,1,8
,,,,
335,30.595486,0,0,0
,,,,
335,30.906717,0,0,6
,,,,
335,31.209156,0,0,3
,,,,
304,31.51117,1,1,8
,,,,
335,31.808767,1,1,0
,,,,
399,32.097866,0,1,7
,,,,
368,31.864923,0,0,4
,,,,
368,31.636984,1,1,0
,,,,
335,31.40719,0,1,3
,,,,
335,31.182281,1,0,4
,,,,
399,31.472507,1,1,6
,,,,
399,31.256952,1,1,9
,,,,
335,31.04154,0,1,2
,,,,
335,30.83128,0,1,9
,,,,
335,30.624828,1,0,4
,,,,
399,30.418386,0,1,4
,,,,
304,30.705664,1,1,3
,,,,
399,30.992525,0,0,10
,,,,
335,30.78639,1,0,4
,,,,
399,30.587896,0,0,5
,,,,
335,30.383911,1,1,5
,,,,
399,30.182673,1,0,4
,,,,
335,29.991606,0,1,7
,,,,
399,29.802294,1,0,4
,,,,
399,30.0814,1,0,9
,,,,
399,31.384638,1,1,4
,,,,
335,31.649097,0,0,4
,,,,
399,31.459333,0,0,3
,,,,
399,31.719965,0,0,10
,,,,
335,31.531986,1,0,9
,,,,
368,31.341368,0,0,2
,,,,
374,31.151846,0,0,3
,,,,
399,31.398525,0,1,1
,,,,
304,31.639036,1,0,9
,,,,
304,31.466589,0,1,6
,,,,
335,31.286533,0,0,2
,,,,
399,31.111502,1,0,0
,,,,
335,30.95005,1,0,10
,,,,
399,31.181303,1,1,8
,,,,
335,31.409466,0,0,7
,,,,
399,31.237576,1,0,0
,,,,
335,31.08002,0,1,7
,,,,
399,31.345957,0,0,2
,,,,
304,31.648663,0,0,9
,,,,
335,31.609747,1,0,8
,,,,
335,31.715582,1,0,0
,,,,
399,32.125835,0,1,4
,,,,
399,32.356136,0,1,0
,,,,
335,32.22926,0,0,4
,,,,
335,32.115246,0,1,0
,,,,
335,31.951635,1,1,5
,,,,
335,31.801432,1,1,10
,,,,
335,31.660585,1,0,2
,,,,
304,31.517439,0,1,0
,,,,
368,31.40752,1,0,5
,,,,
399,31.587244,0,1,10
,,,,
304,31.754868,0,0,9
,,,,
335,31.587944,0,0,3
,,,,
335,31.432722,0,0,5
,,,,
399,31.609459,0,0,0
,,,,
399,31.444859,1,0,10
,,,,
399,31.287252,0,1,8
,,,,
368,31.1313,0,1,5
,,,,
399,30.975443,0,0,0
,,,,
335,30.81754,0,0,8
,,,,
335,31.001858,1,0,3
,,,,
399,30.848001,0,0,7
,,,,
399,30.698267,0,0,4
,,,,
374,30.880383,0,0,10
,,,,
399,30.727993,0,1,4
,,,,
335,30.90809,0,0,6
,,,,
399,31.084023,1,1,9
,,,,
399,31.26047,0,0,0
,,,,
399,31.130713,0,1,7
,,,,
335,31.330437,0,1,7
,,,,
399,31.197245,0,1,5
,,,,
335,31.04994,0,1,10
,,,,
335,30.908073,0,1,3
,,,,
335,30.76359,0,1,1
,,,,
399,30.62446,1,0,1
,,,,
399,30.74236,0,1,6
,,,,
399,30.609138,1,0,6
,,,,
399,30.473043,0,1,8
,,,,
335,30.337675,0,0,2
,,,,
335,30.195578,1,0,0
,,,,
399,30.059467,1,0,9
,,,,
304,29.924622,0,0,1
,,,,
399,29.800259,1,0,4
,,,,
335,29.668795,0,1,0
,,,,
335,29.538534,0,1,1
,,,,
399,29.425243,1,0,4
,,,,
335,29.63672,1,1,8
,,,,
335,29.514254,1,0,1
,,,,
399,29.689875,1,1,2
,,,,
335,29.557034,1,0,3
,,,,
335,29.43483,1,0,2
,,,,
368,29.308733,1,1,3
,,,,
399,29.185577,0,1,6
,,,,
304,29.078953,0,0,8
,,,,
368,28.956976,1,0,2
,,,,
368,28.844227,1,1,5
,,,,
304,28.725225,1,0,3
,,,,
399,28.610132,1,0,6
,,,,
304,28.49227,0,0,7
,,,,
399,28.378813,0,1,3
,,,,
399,28.262943,1,1,2
,,,,
399,28.147177,1,0,3
,,,,
335,28.032385,1,1,1
,,,,
335,27.922039,0,0,1
,,,,
399,27.809158,0,0,1
,,,,
335,27.700666,1,1,4
,,,,
335,27.587566,1,0,8
,,,,
335,27.479187,1,1,9
,,,,
335,27.642437,1,0,8
,,,,
304,27.806396,1,0,9
,,,,
335,27.698456,0,0,5
,,,,
335,27.587667,0,0,7
,,,,
399,27.480646,0,0,9
,,,,
335,27.371634,0,1,8
,,,,
335,27.261486,1,1,8
,,,,
368,27.15706,0,0,8
,,,,
399,27.048649,1,0,0
,,,,
335,26.946722,1,0,1
,,,,
335,26.844782,0,1,6
,,,,
399,26.744465,0,0,0
,,,,
304,26.642157,0,0,6
,,,,
368,26.539839,0,0,9
,,,,
399,26.440268,1,1,9
,,,,
399,26.34308,1,0,8
,,,,
335,26.297508,0,0,7
,,,,
304,26.449017,1,1,2
,,,,
399,26.35431,0,1,5
,,,,
399,26.25796,0,0,2
,,,,
399,26.162346,0,0,0
,,,,
335,26.070936,0,1,8
,,,,
399,25.976418,1,1,0
,,,,
335,25.8845,0,1,8
,,,,
399,25.798168,1,1,3
,,,,
399,25.952665,1,0,7
,,,,
335,25.857693,0,0,6
,,,,
399,25.766825,1,0,7
,,,,
399,25.923311,1,0,10
,,,,
399,26.080488,0,1,9
,,,,
368,26.23651,1,1,5
,,,,
335,26.142237,1,0,0
,,,,
399,26.291529,1,1,5
,,,,
335,26.202131,0,1,1
,,,,
399,26.111568,1,0,3
,,,,
368,26.019108,0,0,9
,,,,
335,25.927313,1,0,7
,,,,
399,25.836918,0,1,3
,,,,
399,25.98767,1,0,3
,,,,
304,26.135508,0,1,7
,,,,
399,26.048882,1,1,5
,,,,
399,26.197248,0,0,6
,,,,
399,26.344662,0,0,2
,,,,
335,26.255733,0,0,5
,,,,
399,26.398365,1,0,10
,,,,
399,26.31161,1,0,2
,,,,
399,26.221987,1,1,1
,,,,
399,26.363409,0,1,6
,,,,
335,26.276663,0,1,5
,,,,
399,26.41521,1,0,4
,,,,
399,26.554363,1,1,7
,,,,
335,26.69593,1,1,7
,,,,
335,26.609234,1,1,4
,,,,
335,26.52522,0,1,5
,,,,
335,26.662275,0,1,0
,,,,
399,26.799938,0,0,0
,,,,
399,26.938354,0,0,9
,,,,
399,27.075905,1,1,5
,,,,
399,27.210863,0,0,2
,,,,
368,27.124474,0,0,3
,,,,
399,27.036312,0,1,4
,,,,
399,26.953108,1,0,7
,,,,
335,26.866772,0,1,8
,,,,
335,26.998453,1,1,7
,,,,
335,27.129276,1,1,5
,,,,
399,27.042536,1,1,5
,,,,
304,27.172426,1,1,7
,,,,
335,27.301533,1,1,4
,,,,
399,27.217358,0,1,10
,,,,
370,27.13344,0,0,7
,,,,
399,27.261312,0,1,8
,,,,
348,27.174215,1,0,5
,,,,
335,27.302696,0,1,6
,,,,
399,27.431953,0,1,8
,,,,
399,27.348309,1,0,1
,,,,
304,27.263613,0,0,2
,,,,
335,27.393494,0,0,0
,,,,
399,27.51951,0,1,10
,,,,
368,27.437933,0,1,6
,,,,
304,27.358936,0,0,1
,,,,
368,27.276167,1,1,5
,,,,
399,27.40391,1,0,7
,,,,
335,27.52795,1,1,2
,,,,
335,27.4476,1,0,6
,,,,
335,27.572187,1,1,5
,,,,
399,27.490927,1,0,2
,,,,
335,27.408638,1,0,10
,,,,
399,27.329626,0,0,0
,,,,
304,27.452927,0,0,9
,,,,
304,27.575445,0,1,6
,,,,
335,27.697294,1,1,1
,,,,
335,27.817022,1,1,2
,,,,
335,27.936111,0,1,6
,,,,
368,27.855705,1,1,8
,,,,
368,27.972395,1,0,0
,,,,
335,27.89481,0,1,2
,,,,
335,28.016527,1,0,7
,,,,
368,27.937443,0,0,1
,,,,
335,28.051144,1,0,6
,,,,
304,28.162573,0,1,9
,,,,
337,28.083755,0,0,0
,,,,
335,28.19603,0,0,3
,,,,
335,28.306204,0,0,10
,,,,
304,28.417175,1,0,5
,,,,
304,28.339725,1,0,2
,,,,
310,28.454103,0,0,10
,,,,
335,28.37234,1,1,8
,,,,
399,28.484667,0,1,0
,,,,
399,28.405302,0,1,10
,,,,
304,28.331587,0,0,8
,,,,
304,28.254278,0,0,5
,,,,
335,28.368393,0,1,7
,,,,
399,28.289669,0,0,7
,,,,
335,28.401634,0,1,2
,,,,
335,28.324663,0,0,1
,,,,
399,28.246723,1,1,8
,,,,
304,28.170614,0,0,7
,,,,
335,28.280249,0,1,6
,,,,
399,28.387907,1,0,5
,,,,
368,28.496332,0,1,9
,,,,
335,28.420946,0,0,2
,,,,
399,28.345407,1,0,3
,,,,
304,28.26891,1,0,10
,,,,
368,28.379232,0,1,10
,,,,
304,28.488901,0,1,8
,,,,
304,28.596611,0,1,0
,,,,
399,28.520264,1,1,9
,,,,
368,28.626,0,1,2
,,,,
335,28.552454,1,0,10
,,,,
304,28.476841,1,1,3
,,,,
335,28.583107,1,1,2
,,,,
368,28.507818,1,1,5
,,,,
399,28.614796,0,0,7
,,,,
335,28.541708,1,1,6
,,,,
399,28.648027,1,0,8
,,,,
335,28.752447,0,1,9
,,,,
304,28.67903,0,1,4
,,,,
399,28.784119,1,1,2
,,,,
399,28.888681,1,0,5
,,,,
368,28.992838,0,1,6
,,,,
335,29.095049,0,0,6
,,,,
335,29.021694,1,1,4
,,,,
337,28.949259,0,1,5
,,,,
335,28.880865,0,1,3
,,,,
335,28.810238,0,0,8
,,,,
335,28.737085,0,1,0
,,,,
304,28.666132,0,0,3
,,,,
310,28.596828,0,0,3
,,,,
399,28.524784,0,1,10
,,,,
335,28.45311,0,0,9
,,,,
304,28.554087,0,1,5
,,,,
335,28.654581,0,1,10
,,,,
335,28.58439,0,1,2
,,,,
304,28.684298,1,1,4
,,,,
310,28.78618,1,1,9
,,,,
399,28.716711,1,1,6
,,,,
335,28.648327,1,1,3
,,,,
399,28.579033,1,1,7
,,,,
310,28.678928,1,1,7
,,,,
368,28.777105,1,0,10
,,,,
399,28.873596,0,1,5
,,,,
335,28.970911,0,1,8
,,,,
335,29.067745,1,1,4
,,,,
368,29.162952,0,0,8
,,,,
399,29.09605,1,0,3
,,,,
368,29.029764,0,0,6
,,,,
399,29.123194,0,0,10
,,,,
335,29.213652,0,1,2
,,,,
335,29.145346,0,0,3
,,,,
335,29.076153,1,0,1
,,,,
368,29.010937,1,1,5
,,,,
304,28.943615,0,0,6
,,,,
304,28.878326,1,1,6
,,,,
335,28.81115,1,1,1
,,,,
335,28.902008,1,1,4
,,,,
335,28.837778,0,1,5
,,,,
304,28.780489,0,1,8
,,,,
335,28.712994,0,1,2
,,,,
335,28.652683,0,1,7
,,,,
304,28.734392,0,1,7
,,,,
368,28.818111,0,1,0
,,,,
335,28.903795,1,1,6
,,,,
304,28.840622,1,0,1
,,,,
310,28.777746,0,1,2
,,,,
335,28.71254,0,0,7
,,,,
335,28.64881,1,1,9
,,,,
335,28.586138,1,0,2
,,,,
304,28.671133,1,1,0
,,,,
304,28.606781,1,1,6
,,,,
335,28.688948,1,1,9
,,,,
399,28.771887,1,0,9
,,,,
335,28.855644,0,0,6
,,,,
335,28.792416,1,1,9
,,,,
304,28.729477,0,0,3
,,,,
335,28.812754,0,1,3
,,,,
335,28.74844,0,1,10
,,,,
335,28.688696,0,0,7
,,,,
335,28.627504,0,1,9
,,,,
335,28.566034,0,0,5
,,,,
368,28.648659,0,0,7
,,,,
304,28.730946,1,1,9
,,,,
399,28.668348,1,0,3
,,,,
335,28.606499,1,1,10
,,,,
335,28.690638,1,0,8
,,,,
304,28.774445,1,0,1
,,,,
304,28.858885,1,1,9
,,,,
304,28.939636,1,0,2
,,,,
335,28.879446,0,0,9
,,,,
335,28.963129,0,1,9
,,,,
304,28.903986,0,1,1
,,,,
368,28.842709,0,1,10
,,,,
304,28.781702,1,0,3
,,,,
399,28.858286,0,1,6
,,,,
399,28.934572,1,0,8
,,,,
335,29.014828,0,0,7
,,,,
335,29.092583,0,0,6
,,,,
399,29.166792,1,0,9
,,,,
399,29.105877,1,0,0
,,,,
368,29.17869,0,0,4
,,,,
335,29.118015,0,1,2
,,,,
304,29.194809,0,1,0
,,,,
399,29.133913,1,0,1
,,,,
335,29.07461,1,0,0
,,,,
310,29.016012,1,1,5
,,,,
335,29.09018,1,1,10
,,,,
304,29.030472,1,0,1
,,,,
304,28.96951,1,0,6
,,,,
399,29.044352,1,0,3
,,,,
304,29.119066,1,0,5
,,,,
335,29.060427,1,0,8
,,,,
368,29.13248,0,0,2
,,,,
304,29.073254,1,1,10
,,,,
381.5,29.014465,1,0,1
,,,,
368,28.957224,0,1,8
,,,,
381.5,29.030075,0,1,6
,,,,
399,28.971312,1,0,1
,,,,
384,28.912794,1,0,5
,,,,
304,28.85452,1,0,2
,,,,
399,28.79649,1,0,4
,,,,
335,28.869825,1,1,2
,,,,
335,28.942814,0,0,4
,,,,
399,28.884962,1,0,3
,,,,
399,28.956684,1,1,9
,,,,
335,28.900316,1,0,5
,,,,
335,28.842909,0,1,7
,,,,
399,28.912226,0,0,9
,,,,
368,28.982412,0,0,4
,,,,
368,29.053146,1,1,10
,,,,
310,28.994875,0,0,0
,,,,
368,28.93828,0,0,10
,,,,
335,28.881916,1,0,7
,,,,
368,28.826374,0,1,7
,,,,
335,28.89869,1,1,9
,,,,
335,28.967724,1,1,2
,,,,
368,29.034525,0,1,7
,,,,
304,28.97936,1,0,3
,,,,
399,29.05183,1,0,2
,,,,
335,29.122023,1,0,8
,,,,
335,29.06743,0,1,9
,,,,
304,29.012405,1,1,4
,,,,
368,29.081373,1,1,10
,,,,
335,29.15005,0,0,5
,,,,
335,29.095423,0,1,8
,,,,
399,29.041012,1,1,4
,,,,
335,28.986584,0,1,1
,,,,
304,28.931614,0,0,4
,,,,
335,29.00078,1,1,3
,,,,
335,28.94739,1,1,2
,,,,
335,29.014315,0,1,4
,,,,
335,29.079096,0,1,6
,,,,
399,29.146585,0,1,6
,,,,
368,29.214716,1,1,2
,,,,
399,29.159824,1,0,3
,,,,
335,29.224756,0,1,7
,,,,
335,29.293306,1,1,5
,,,,
335,29.293306,1,0,10
,,,,
335,29.36262,0,0,7
,,,,
335,29.43262,1,1,7
,,,,
335,29.502298,1,0,10
,,,,
399,29.56879,1,0,6
,,,,
370,29.515144,1,0,2
,,,,
329.5,29.545612,0,1,3
,,,,
399,29.52273,1,1,2
,,,,
368,29.527987,1,1,1
,,,,
304,29.59205,1,1,7
,,,,
368,29.657742,1,0,9
,,,,
368,29.72408,1,1,10
,,,,
310,29.671623,0,0,8
,,,,
335,29.619438,1,1,2
,,,,
335,29.677444,1,1,9
,,,,
335,29.735138,1,1,6
,,,,
304,29.681412,1,0,4
,,,,
335,29.6275,0,0,3
,,,,
368,29.57379,0,1,7
,,,,
335,29.52293,1,1,1
,,,,
335,29.555248,1,1,3
,,,,
335,29.52856,0,0,1
,,,,
399,29.535837,1,1,0
,,,,
335,29.481768,0,0,4
,,,,
335,29.546139,1,1,1
,,,,
335,29.493177,0,0,0
,,,,
368,29.440413,1,0,5
,,,,
399,29.50355,0,0,9
,,,,
335,29.567326,0,1,6
,,,,
335,29.515097,0,1,7
,,,,
335,29.579777,0,1,5
,,,,
399,29.642378,1,1,1
,,,,
335,29.589918,1,1,1
,,,,
335,29.537653,1,0,0
,,,,
335,29.486866,0,1,10
,,,,
335,29.552748,0,1,10
,,,,
335,29.501211,1,1,3
,,,,
335,29.56487,1,0,5
,,,,
399,29.516645,0,1,1
,,,,
368,29.46902,1,0,4
,,,,
335,29.398745,1,1,3
,,,,
335,29.352959,0,0,5
,,,,
304,29.421572,0,1,10
,,,,
337,29.37253,0,0,4
,,,,
399,29.43476,1,0,1
,,,,
335,29.384977,1,1,2
,,,,
335,29.361565,0,0,6
,,,,
304,29.419973,1,0,4
,,,,
304,29.369404,0,0,8
,,,,
337,29.430311,0,1,10
,,,,
304,29.490353,1,0,6
,,,,
335,29.5511,0,1,2
,,,,
368,29.614082,1,0,2
,,,,
368,29.563099,0,1,0
,,,,
335,29.51318,0,1,4
,,,,
335,29.464157,0,0,6
,,,,
335,29.527605,1,0,9
,,,,
335,29.478724,1,0,1
,,,,
399,29.537642,0,0,0
,,,,
304,29.598064,0,1,10
,,,,
356.5,29.548447,1,1,7
,,,,
335,29.497929,0,0,8
,,,,
335,29.55973,1,0,4
,,,,
335,29.510592,1,1,0
,,,,
335,29.461266,1,0,4
,,,,
335,29.522058,0,0,0
,,,,
306,29.473238,1,1,10
,,,,
335,29.533691,1,1,8
,,,,
399,29.48502,0,1,2
,,,,
342.5,29.54541,1,0,10
,,,,
335,29.496033,0,1,0
,,,,
335,29.448177,0,1,4
,,,,
317.5,29.509056,0,1,0
,,,,
335,29.568829,0,0,0
,,,,
312,29.519392,1,1,5
,,,,
335,29.578947,0,0,6
,,,,
310,29.530012,1,1,4
,,,,
335,29.481241,1,1,8
,,,,
304,29.432636,0,1,5
,,,,
304,29.493713,1,1,3
,,,,
335,29.554682,0,0,1
,,,,
335,29.508768,1,0,1
,,,,
335,29.463648,0,1,3
,,,,
335,29.520052,0,0,6
,,,,
368,29.477148,1,0,10
,,,,
335,29.431967,0,1,6
,,,,
335,29.388216,0,0,6
,,,,
399,29.346174,1,1,4
,,,,
399,29.300114,0,0,3
,,,,
335,29.362167,1,0,10
,,,,
399,29.315552,0,0,7
,,,,
335,29.267097,1,0,1
,,,,
335,29.222298,0,0,9
,,,,
304,29.17498,1,1,1
,,,,
335,29.129461,0,0,5
,,,,
335,29.084093,0,0,8
,,,,
335,29.038246,0,0,3
,,,,
368,28.994467,1,1,10
,,,,
335,28.949062,0,1,9
,,,,
335,28.902653,1,0,1
,,,,
399,28.856394,0,0,0
,,,,
368,28.812107,1,1,10
,,,,
304,28.767962,1,1,2
,,,,
335,28.723293,1,1,6
,,,,
399,28.679241,0,1,6
,,,,
399,28.742466,0,1,2
,,,,
399,28.80534,0,1,5
,,,,
335,28.867895,1,1,6
,,,,
399,28.93105,0,1,3
,,,,
335,28.994804,1,1,0
,,,,
399,28.954117,1,0,3
,,,,
335,29.01685,1,1,7
,,,,
335,29.080957,0,0,0
,,,,
335,29.037487,0,0,3
,,,,
335,28.995281,0,0,8
,,,,
399,28.952087,0,0,3
,,,,
335,29.015892,0,0,4
,,,,
335,29.0781,1,1,7
,,,,
335,29.036047,1,0,1
,,,,
304,28.995476,0,1,1
,,,,
335,29.057182,0,1,7
,,,,
335,29.013184,1,1,0
,,,,
399,28.970432,0,1,2
,,,,
335,28.92782,1,1,1
,,,,
335,28.887173,0,1,2
,,,,
368,28.951963,1,1,5
,,,,
399,29.016392,0,0,10
,,,,
304,28.982407,1,0,6
,,,,
335,28.941343,1,0,8
,,,,
304,28.90293,0,1,5
,,,,
399,28.965574,0,1,10
,,,,
304,29.029491,0,0,4
,,,,
368,28.986282,1,1,2
,,,,
399,29.048315,1,1,5
,,,,
335,29.005802,0,0,2
,,,,
335,29.06936,0,1,5
,,,,
304,29.133383,1,0,5
,,,,
399,29.090168,0,0,1
,,,,
310,29.047401,1,0,4
,,,,
335,29.00292,0,0,4
,,,,
304,28.960419,0,1,5
,,,,
304,29.02493,1,1,10
,,,,
335,28.98297,0,0,10
,,,,
399,28.940693,0,0,1
,,,,
335,28.90056,1,0,8
,,,,
304,28.962389,1,1,8
,,,,
335,29.023985,0,1,9
,,,,
335,28.981901,1,1,8
,,,,
368,29.04484,0,1,0
,,,,
304,29.001785,0,0,9
,,,,
368,28.959925,0,1,10
,,,,
335,28.918808,1,0,1
,,,,
335,28.979876,0,0,6
,,,,
335,28.938238,1,1,0
,,,,
335,28.898087,1,0,10
,,,,
335,28.95747,0,0,4
,,,,
335,29.016623,1,1,2
,,,,
304,28.97856,1,0,6
,,,,
399,28.93649,0,1,1
,,,,
368,28.994064,0,1,9
,,,,
304,29.05005,0,1,8
,,,,
368,29.012321,1,0,4
,,,,
335,29.06822,1,1,9
,,,,
335,29.02927,0,0,4
,,,,
335,28.990437,0,1,5
,,,,
399,28.952152,1,1,5
,,,,
335,28.916538,0,1,0
,,,,
335,28.973595,1,1,10
,,,,
399,28.93931,0,0,0
,,,,
368,28.89961,1,1,8
,,,,
335,28.860025,0,0,10
,,,,
335,28.820988,1,0,0
,,,,
335,28.87749,0,1,6
,,,,
335,28.844341,1,1,1
,,,,
368,28.80883,0,0,8
,,,,
368,28.770935,0,1,4
,,,,
399,28.8122,1,1,0
,,,,
335,28.852602,0,0,9
,,,,
335,28.817778,1,1,8
,,,,
335,28.786928,0,1,10
,,,,
335,28.833101,1,0,7
,,,,
399,28.88048,1,1,5
,,,,
368,28.9283,1,0,4
,,,,
304,28.888529,1,1,2
,,,,
335,28.848871,1,1,3
,,,,
335,28.895107,0,0,3
,,,,
335,28.941803,0,1,7
,,,,
304,28.90123,0,0,4
,,,,
335,28.863022,0,1,5
,,,,
304,28.824268,1,0,2
,,,,
399,28.78504,1,1,3
,,,,
368,28.746504,0,0,10
,,,,
304,28.707497,1,0,9
,,,,
304,28.66789,0,0,1
,,,,
368,28.62998,1,1,8
,,,,
368,28.591593,0,0,1
,,,,
335,28.552732,1,0,2
,,,,
335,28.514563,0,1,4
,,,,
335,28.560902,0,0,10
,,,,
335,28.607874,1,0,9
,,,,
335,28.568506,0,0,1
,,,,
335,28.614748,1,0,0
,,,,
335,28.662212,0,1,8
,,,,
335,28.710175,1,0,1
,,,,
304,28.670885,0,1,4
,,,,
304,28.717354,1,1,2
,,,,
368,28.678858,0,1,6
,,,,
335,28.727224,0,1,5
,,,,
368,28.689512,0,0,8
,,,,
335,28.651907,1,1,6
,,,,
335,28.613022,0,1,4
,,,,
335,28.576637,0,1,7
,,,,
304,28.624231,1,0,4
,,,,
335,28.586922,1,0,8
,,,,
335,28.549187,1,0,4
,,,,
399,28.510712,0,0,6
,,,,
304,28.474155,1,0,0
,,,,
304,28.43714,0,1,10
,,,,
337,28.398972,0,1,1
,,,,
304,28.362436,1,0,1
,,,,
399,28.324476,1,1,1
,,,,
368,28.371754,0,1,6
,,,,
335,28.335241,1,1,0
,,,,
335,28.381105,0,1,4
,,,,
368,28.344564,1,1,0
,,,,
399,28.307842,1,0,3
,,,,
399,28.27094,1,0,4
,,,,
335,28.234697,1,0,10
,,,,
335,28.281721,1,0,8
,,,,
304,28.327995,1,1,2
,,,,
335,28.292217,0,0,5
,,,,
368,28.338177,1,1,2
,,,,
399,28.384068,1,1,5
,,,,
335,28.346739,1,0,8
,,,,
368,28.311125,1,0,2
,,,,
368,28.275213,1,0,10
,,,,
304,28.23967,0,1,1
,,,,
335,28.203398,1,1,4
,,,,
399,28.249804,0,0,10
,,,,
335,28.29741,0,0,2
,,,,
304,28.34555,1,1,2
,,,,
304,28.393541,1,1,1
,,,,
335,28.357306,1,0,3
,,,,
335,28.320505,1,0,1
,,,,
304,28.283144,1,0,2
,,,,
304,28.24747,1,1,6
,,,,
335,28.212385,1,1,1
,,,,
304,28.178097,0,0,10
,,,,
368,28.142973,1,0,5
,,,,
335,28.10767,1,1,0
,,,,
304,28.071535,1,0,0
,,,,
338,28.035765,1,0,2
,,,,
335,27.999817,0,0,5
,,,,
399,28.045622,0,1,7
,,,,
335,28.090662,0,0,9
,,,,
304,28.056084,1,1,6
,,,,
335,28.020947,0,0,5
,,,,
304,27.985252,0,0,1
,,,,
335,27.950565,0,1,2
,,,,
310,27.915854,1,1,10
,,,,
335,27.881346,1,0,9
,,,,
306,27.846928,1,0,5
,,,,
399,27.81377,1,1,8
,,,,
399,27.860472,0,0,5
,,,,
399,27.906988,1,1,0
,,,,
335,27.87324,0,1,2
,,,,
399,27.838146,1,0,0
,,,,
335,27.804047,1,0,5
,,,,
399,27.849785,1,0,8
,,,,
335,27.81655,0,1,0
,,,,
335,27.782341,1,1,9
,,,,
335,27.74785,0,0,4
,,,,
335,27.794739,1,1,5
,,,,
399,27.8397,0,1,10
,,,,
399,27.885157,0,1,2
,,,,
368,27.856825,0,0,1
,,,,
399,27.899584,1,1,7
,,,,
399,27.941648,0,0,0
,,,,
335,27.983517,1,1,1
,,,,
368,28.027168,0,0,7
,,,,
310,27.9925,1,1,7
,,,,
304,27.957918,1,1,3
,,,,
399,27.925089,1,1,8
,,,,
374,27.890938,1,0,2
,,,,
335,27.935057,1,1,3
,,,,
399,27.978382,0,1,2
,,,,
335,28.020449,0,0,0
,,,,
337,28.063175,1,0,1
,,,,
368,28.030777,0,0,1
,,,,
335,27.996492,1,1,0
,,,,
368,27.963173,0,1,1
,,,,
335,27.93162,1,1,1
,,,,
335,27.898825,1,1,3
,,,,
304,27.86575,0,0,9
,,,,
335,27.912352,0,1,5
,,,,
335,27.959454,1,1,0
,,,,
335,28.005848,0,0,1
,,,,
399,28.052755,1,1,7
,,,,
399,28.019585,0,0,0
,,,,
399,27.985735,0,1,10
,,,,
335,27.953598,1,0,5
,,,,
304,27.9219,1,1,5
,,,,
399,27.88916,1,1,10
,,,,
399,27.934645,1,0,5
,,,,
337,27.978794,1,0,6
,,,,
304,27.94722,0,0,10
,,,,
304,27.91511,0,1,9
,,,,
335,27.88258,1,1,3
,,,,
335,27.92839,1,0,5
,,,,
335,27.973473,1,0,7
,,,,
335,28.01786,1,1,9
,,,,
335,27.985111,0,0,5
,,,,
368,27.951231,0,0,9
,,,,
310,27.918037,0,1,3
,,,,
399,27.964146,0,0,1
,,,,
368,27.93176,1,1,1
,,,,
335,27.978876,0,1,4
,,,,
399,28.024065,1,1,5
,,,,
368,27.99183,1,1,7
,,,,
399,27.960169,1,0,8
,,,,
335,28.005241,1,0,6
,,,,
335,27.973639,0,0,5
,,,,
304,28.01862,0,0,10
,,,,
304,28.064651,0,1,1
,,,,
399,28.111174,0,1,1
,,,,
335,28.078861,0,0,2
,,,,
304,28.078861,0,0,2
,,,,
399,28.047466,0,1,7
,,,,
335,28.015797,0,0,5
,,,,
335,28.058681,1,1,4
,,,,
335,28.101433,1,0,10
,,,,
370,28.069567,0,1,0
,,,,
335,28.112171,0,0,0
,,,,
399,28.154652,1,0,4
,,,,
335,28.196465,1,0,10
,,,,
399,28.237625,1,1,1
,,,,
304,28.204954,0,0,1
,,,,
311.5,28.174402,0,0,0
,,,,
342.5,28.217829,0,1,8
,,,,
368,28.260069,0,1,7
,,,,
338,28.229557,1,0,6
,,,,
304,28.271526,1,1,10
,,,,
335,28.313395,0,1,8
,,,,
317.5,28.357504,0,1,3
,,,,
399,28.40147,0,1,6
,,,,
304,28.368952,0,1,0
,,,,
335,28.33675,0,0,9
,,,,
317.5,28.304962,0,1,6
,,,,
304,28.27291,1,0,4
,,,,
317.5,28.31386,1,0,2
,,,,
304,28.355848,0,1,0
,,,,
335,28.323845,1,0,8
,,,,
337,28.29192,1,0,2
,,,,
304,28.261116,0,1,7
,,,,
335,28.229097,0,0,9
,,,,
335,28.197151,0,1,7
,,,,
368,28.167809,1,1,7
,,,,
304,28.137531,1,1,10
,,,,
335,28.178244,1,0,9
,,,,
335,28.21829,1,0,4
,,,,
304,28.188059,1,1,8
,,,,
335,28.158363,0,0,2
,,,,
304,28.12827,0,1,1
,,,,
335,28.09673,1,1,6
,,,,
335,28.066776,0,0,4
,,,,
368,28.035948,0,0,1
,,,,
399,28.078646,1,0,4
,,,,
310,28.049356,0,1,9
,,,,
335,28.09088,0,1,0
,,,,
335,28.060398,0,0,9
,,,,
335,28.029753,1,0,3
,,,,
399,27.998844,0,0,6
,,,,
335,28.041958,0,0,6
,,,,
368,28.084343,0,0,5
,,,,
335,28.053808,1,0,4
,,,,
399,28.023012,0,0,2
,,,,
335,28.064693,1,1,0
,,,,
335,28.107374,1,0,0
,,,,
335,28.077875,0,1,5
,,,,
335,28.048172,0,0,8
,,,,
304,28.016762,1,1,7
,,,,
335,27.988352,0,1,8
,,,,
304,28.0309,0,1,5
,,,,
304,28.002186,0,0,2
,,,,
335,27.989063,0,0,0
,,,,
399,28.032598,0,0,6
,,,,
335,28.074963,1,0,7
,,,,
304,28.046598,0,1,9
,,,,
335,28.088854,1,1,4
,,,,
304,28.131016,0,1,2
,,,,
399,28.103075,1,1,7
,,,,
399,28.07321,0,1,4
,,,,
399,28.043507,0,1,7
,,,,
304,28.06344,1,0,10
,,,,
335,28.069735,0,1,4
,,,,
310,28.110094,0,1,7
,,,,
335,28.081339,1,0,1
,,,,
304,28.05323,1,1,4
,,,,
304,28.024862,0,1,10
,,,,
335,27.998821,0,0,3
,,,,
368,27.972809,1,1,5
,,,,
335,27.945633,0,0,5
,,,,
335,27.987337,0,1,10
,,,,
312,27.959063,0,1,1
,,,,
337,27.929632,1,0,4
,,,,
337,27.901165,0,1,6
,,,,
335,27.873787,0,1,10
,,,,
337,27.844545,1,0,4
,,,,
368,27.815367,1,0,2
,,,,
306,27.787336,1,1,8
,,,,
337,27.829967,1,0,2
,,,,
335,27.872505,0,1,1
,,,,
399,27.843649,1,1,8
,,,,
335,27.815296,0,0,7
,,,,
335,27.855083,0,1,2
,,,,
368,27.82773,0,0,2
,,,,
335,27.869032,0,1,3
,,,,
399,27.843716,0,0,0
,,,,
399,27.882742,1,0,9
,,,,
304,27.923813,1,0,1
,,,,
399,27.966429,0,0,7
,,,,
304,28.007858,0,0,2
,,,,
335,28.049234,0,0,5
,,,,
335,28.021908,1,1,1
,,,,
335,27.99348,0,1,0
,,,,
304,27.965115,0,0,10
,,,,
399,27.93912,0,1,8
,,,,
304,27.910652,0,1,1
,,,,
368,27.949177,0,1,7
,,,,
399,27.98869,0,1,4
,,,,
335,27.96004,0,0,1
,,,,
304,27.932106,0,1,8
,,,,
335,27.903578,1,1,4
,,,,
335,27.876413,1,1,8
,,,,
335,27.847475,1,1,5
,,,,
304,27.819124,1,1,5
,,,,
304,27.791271,1,1,6
,,,,
399,27.764416,1,1,7
,,,,
399,27.73646,1,1,9
,,,,
335,27.708563,0,0,10
,,,,
368,27.680943,1,1,6
,,,,
335,27.65381,0,1,2
,,,,
304,27.625565,1,1,6
,,,,
304,27.664316,0,1,1
,,,,
399,27.702427,0,0,8
,,,,
335,27.674002,1,0,10
,,,,
310,27.646374,0,1,7
,,,,
335,27.683813,1,0,4
,,,,
335,27.721762,1,1,0
,,,,
335,27.693954,1,1,8
,,,,
335,27.731735,1,0,4
,,,,
335,27.769478,0,0,1
,,,,
304,27.741709,1,0,10
,,,,
335,27.779419,1,0,2
,,,,
335,27.751911,0,1,3
,,,,
335,27.724886,0,1,8
,,,,
335,27.697916,1,0,10
,,,,
304,27.670576,0,0,7
,,,,
368,27.643082,1,1,8
,,,,
304,27.615763,1,1,4
,,,,
304,27.587868,1,0,4
,,,,
304,27.561176,0,0,9
,,,,
399,27.598753,1,1,1
,,,,
304,27.572197,0,1,6
,,,,
399,27.610682,0,1,3
,,,,
335,27.583656,0,0,8
,,,,
304,27.55732,0,1,1
,,,,
335,27.531334,0,1,6
,,,,
304,27.504473,1,1,5
,,,,
304,27.477877,0,1,5
,,,,
399,27.450403,0,0,2
,,,,
304,27.486814,0,1,5
,,,,
304,27.522692,1,0,1
,,,,
335,27.495466,0,1,4
,,,,
304,27.468088,1,0,10
,,,,
335,27.44148,0,0,4
,,,,
335,27.414719,1,1,4
,,,,
335,27.389526,1,1,3
,,,,
304,27.364595,0,0,2
,,,,
399,27.338614,1,0,1
,,,,
304,27.31156,0,1,7
,,,,
368,27.28456,0,0,3
,,,,
304,27.258944,0,1,4
,,,,
335,27.23205,1,1,2
,,,,
335,27.205212,0,1,6
,,,,
335,27.179546,1,1,10
,,,,
335,27.154142,1,1,5
,,,,
335,27.127962,0,1,8
,,,,
304,27.101833,1,1,9
,,,,
335,27.076258,0,0,6
,,,,
368,27.049734,1,1,10
,,,,
399,27.02397,1,1,1
,,,,
310,26.998167,0,1,3
,,,,
368,26.972416,1,1,5
,,,,
304,26.9461,0,0,9
,,,,
335,26.921328,1,0,5
,,,,
335,26.896225,1,0,7
,,,,
399,26.871666,0,1,2
,,,,
337,26.845556,1,0,10
,,,,
368,26.821266,0,0,7
,,,,
304,26.796246,1,1,8
,,,,
306,26.770287,0,1,9
,,,,
304,26.745077,1,0,0
,,,,
335,26.71922,1,0,0
,,,,
306,26.693413,1,0,7
,,,,
335,26.66864,1,0,1
,,,,
337,26.645313,0,1,7
,,,,
399,26.62232,0,0,7
,,,,
399,26.5983,1,1,2
,,,,
335,26.574038,0,1,3
,,,,
335,26.549503,0,1,3
,,,,
399,26.52473,1,0,10
,,,,
368,26.499805,1,1,7
,,,,
335,26.474928,0,1,9
,,,,
335,26.450502,1,0,8
,,,,
335,26.426807,0,1,3
,,,,
335,26.402075,1,1,8
,,,,
304,26.377588,1,1,6
,,,,
304,26.353838,0,0,3
,,,,
335,26.329845,0,0,10
,,,,
335,26.305017,1,1,5
,,,,
304,26.28052,1,1,1
,,,,
399,26.256271,0,1,4
,,,,
335,26.232351,0,0,3
,,,,
368,26.208197,1,1,3
,,,,
335,26.183605,1,1,2
,,,,
335,26.159344,0,0,8
,,,,
335,26.13649,0,0,1
,,,,
304,26.11184,1,0,8
,,,,
304,26.087717,0,0,9
,,,,
304,26.06412,0,1,7
,,,,
335,26.041048,0,0,0
,,,,
368,26.017654,0,0,9
,,,,
335,25.994307,1,0,6
,,,,
335,25.971592,1,1,8
,,,,
304,25.948137,0,1,4
,,,,
399,25.92453,0,1,0
,,,,
304,25.902922,1,1,6
,,,,
335,25.88188,1,1,1
,,,,
304,25.859354,0,1,5
,,,,
304,25.836674,0,1,4
,,,,
399,25.815763,1,0,8
,,,,
304,25.85398,0,1,4
,,,,
335,25.891665,0,1,4
,,,,
335,25.869263,1,0,2
,,,,
304,25.846954,0,1,7
,,,,
335,25.822525,1,0,6
,,,,
335,25.8009,1,0,2
,,,,
337,25.77817,1,0,8
,,,,
304,25.755676,1,1,10
,,,,
399,25.793167,0,1,1
,,,,
335,25.831505,0,0,5
,,,,
368,25.808363,1,1,8
,,,,
335,25.785648,0,0,8
,,,,
399,25.774595,1,1,9
,,,,
304,25.811565,1,0,0
,,,,
304,25.788322,1,1,3
,,,,
335,25.82421,0,1,7
,,,,
368,25.859554,1,0,1
,,,,
335,25.837765,0,0,9
,,,,
304,25.815159,0,1,2
,,,,
368,25.792488,0,1,8
,,,,
335,25.76978,0,1,6
,,,,
335,25.749111,1,1,2
,,,,
304,25.727297,1,1,5
,,,,
374,25.704054,0,1,8
,,,,
335,25.681318,0,1,2
,,,,
368,25.662361,1,0,2
,,,,
368,25.646029,0,1,5
,,,,
304,25.626696,1,1,1
,,,,
304,25.603653,1,1,0
,,,,
368,25.581848,0,0,8
,,,,
335,25.56035,1,1,9
,,,,
335,25.539713,0,1,1
,,,,
335,25.57429,1,1,1
,,,,
335,25.60977,1,0,8
,,,,
368,25.646595,0,1,9
,,,,
368,25.682379,0,1,1
,,,,
310,25.660374,1,0,10
,,,,
304,25.63776,1,0,2
,,,,
335,25.615835,0,1,9
,,,,
335,25.59513,0,1,7
,,,,
368,25.574541,1,1,8
,,,,
304,25.553001,0,1,4
,,,,
335,25.530132,1,0,9
,,,,
304,25.507763,0,1,0
,,,,
304,25.48562,0,0,9
,,,,
335,25.463331,1,1,8
,,,,
335,25.440626,0,1,10
,,,,
335,25.418417,1,1,1
,,,,
304,25.396437,1,1,6
,,,,
304,25.373856,1,1,7
,,,,
306,25.351501,0,0,6
,,,,
337,25.331339,0,0,0
,,,,
310,25.309328,0,1,7
,,,,
304,25.287918,1,1,4
,,,,
368,25.266174,1,0,10
,,,,
335,25.24484,1,1,3
,,,,
337,25.223362,1,0,1
,,,,
304,25.201921,1,1,0
,,,,
304,25.179884,1,1,10
,,,,
304,25.216381,0,1,6
,,,,
399,25.252768,0,0,7
,,,,
304,25.231112,1,1,9
,,,,
304,25.208942,0,1,3
,,,,
304,25.187258,0,1,3
,,,,
304,25.165167,0,1,10
,,,,
304,25.143667,1,0,9
,,,,
368,25.121655,0,0,0
,,,,
304,25.100576,1,1,6
,,,,
335,25.079456,1,0,10
,,,,
368,25.058187,1,1,5
,,,,
335,25.036776,1,1,10
,,,,
304,25.016657,0,0,10
,,,,
304,24.995867,1,1,3
,,,,
304,24.975113,1,0,6
,,,,
368,24.95385,0,0,4
,,,,
304,24.932623,0,0,8
,,,,
399,24.911434,0,0,5
,,,,
335,24.889841,0,1,10
,,,,
399,24.868727,1,1,6
,,,,
374,24.847834,1,0,1
,,,,
335,24.826796,1,1,8
,,,,
399,24.862381,0,1,5
,,,,
304,24.898417,0,0,6
,,,,
335,24.877571,1,0,0
,,,,
335,24.857306,1,1,7
,,,,
335,24.836351,0,0,4
,,,,
310,24.816416,0,0,7
,,,,
304,24.795277,1,1,6
,,,,
368,24.774612,1,0,1
,,,,
335,24.754526,1,1,8
,,,,
335,24.733934,0,0,3
,,,,
335,24.713917,1,0,3
,,,,
368,24.693651,0,1,10
,,,,
342.5,24.673962,0,0,9
,,,,
399,24.655005,1,1,0
,,,,
399,24.634768,0,1,1
,,,,
312,24.615438,1,1,5
,,,,
304,24.615438,0,1,8
,,,,
304,24.596045,0,0,9
,,,,
310,24.575733,0,1,10
,,,,
399,24.556839,1,1,7
,,,,
304,24.537487,1,1,7
,,,,
304,24.573538,0,0,4
,,,,
304,24.609962,1,0,9
,,,,
304,24.591415,0,0,1
,,,,
335,24.572104,1,1,3
,,,,
335,24.572104,1,0,3
,,,,
387.5,24.609314,0,1,9
,,,,
399,24.59403,0,0,10
,,,,
374,24.57657,0,1,9
,,,,
304,24.610546,0,0,8
,,,,
370,24.644892,0,0,9
,,,,
362,24.680143,0,0,1
,,,,
379,24.71533,1,0,9
,,,,
368,24.695692,1,0,2
,,,,
304,24.675554,0,1,5
,,,,
337,24.711044,0,1,4
,,,,
335,24.69093,0,0,7
,,,,
368,24.670422,0,1,6
,,,,
304,24.650627,1,0,9
,,,,
310,24.630865,0,1,6
,,,,
304,24.610285,1,1,2
,,,,
335,24.645636,0,1,5
,,,,
335,24.680927,1,0,1
,,,,
304,24.71658,0,1,10
,,,,
311.5,24.75178,0,0,8
,,,,
304,24.731785,1,1,1
,,,,
304,24.71217,1,1,5
,,,,
337,24.691643,1,1,0
,,,,
370,24.672173,1,0,6
,,,,
304,24.707247,0,0,1
,,,,
335,24.686352,1,0,9
,,,,
335,24.721762,0,1,6
,,,,
335,24.701912,0,1,0
,,,,
335,24.682093,1,1,9
,,,,
310,24.662308,0,1,10
,,,,
335,24.64196,0,1,7
,,,,
304,24.622068,0,1,0
,,,,
399,24.656513,0,0,8
,,,,
304,24.637236,1,0,9
,,,,
310,24.671661,1,1,2
,,,,
399,24.65181,0,1,2
,,,,
399,24.631575,1,1,5
,,,,
335,24.664219,0,0,9
,,,,
335,24.69681,0,1,4
,,,,
368,24.677177,1,0,2
,,,,
335,24.71131,0,0,3
,,,,
304,24.7454,1,1,8
,,,,
335,24.725603,1,1,5
,,,,
304,24.706186,1,0,10
,,,,
335,24.739763,1,1,5
,,,,
350.5,24.719606,1,0,2
,,,,
331.5,24.699482,1,1,2
,,,,
304,24.678976,0,0,10
,,,,
304,24.712503,0,0,10
,,,,
310,24.692434,0,0,0
,,,,
335,24.67374,1,0,0
,,,,
335,24.654148,1,1,6
,,,,
368,24.687172,1,1,10
,,,,
335,24.719751,1,1,10
,,,,
335,24.701582,0,0,4
,,,,
335,24.682205,1,1,6
,,,,
399,24.66286,1,0,1
,,,,
335,24.695276,0,1,8
,,,,
335,24.727654,0,0,1
,,,,
399,24.709068,0,0,9
,,,,
304,24.690514,1,1,5
,,,,
399,24.672302,1,0,9
,,,,
335,24.653399,0,0,10
,,,,
335,24.634357,0,0,9
,,,,
335,24.617434,1,0,3
,,,,
304,24.599127,0,1,5
,,,,
335,24.582483,0,1,3
,,,,
368,24.565105,1,1,5
,,,,
399,24.547655,1,0,6
,,,,
335,24.547655,0,1,4
,,,,
304,24.530746,0,0,5
,,,,
335,24.513454,1,1,6
,,,,
335,24.496414,0,0,3
,,,,
335,24.528467,1,1,6
,,,,
335,24.511118,1,1,4
,,,,
342.5,24.543745,0,0,4
,,,,
304,24.525219,1,0,2
,,,,
304,24.557379,1,1,5
,,,,
399,24.539513,0,1,10
,,,,
399,24.571552,0,0,9
,,,,
335,24.55306,0,1,8
,,,,
368,24.585835,0,0,3
,,,,
368,24.61823,0,0,5
,,,,
399,24.602615,1,0,0
,,,,
304,24.593597,0,0,3
,,,,
335,24.593597,0,1,10
,,,,
370,24.57948,0,0,6
,,,,
399,24.61286,1,0,5
,,,,
335,24.595757,1,0,10
,,,,
335,24.579456,1,1,3
,,,,
393,24.571188,0,0,2
,,,,
335,24.606152,1,1,5
,,,,
338,24.587214,1,1,5
,,,,
304,24.568306,0,0,5
,,,,
368,24.551863,1,0,4
,,,,
335,24.58314,0,0,4
,,,,
335,24.56468,0,0,9
,,,,
335,24.59667,0,1,1
,,,,
335,24.578161,0,0,7
,,,,
335,24.609737,0,1,2
,,,,
335,24.640867,0,0,6
,,,,
304,24.67274,0,0,0
,,,,
335,24.705357,1,0,5
,,,,
304,24.73832,1,1,2
,,,,
335,24.71906,1,0,1
,,,,
304,24.753914,0,1,9
,,,,
304,24.735466,0,0,7
,,,,
393,24.767904,1,0,8
,,,,
335,24.750315,0,0,5
,,,,
335,24.783432,1,0,5
,,,,
335,24.816538,0,1,1
,,,,
304,24.848808,0,1,0
,,,,
304,24.879848,0,1,4
,,,,
304,24.860615,1,1,2
,,,,
337,24.841967,0,1,1
,,,,
335,24.874126,0,0,10
,,,,
399,24.906618,0,1,0
,,,,
304,24.938248,0,0,6
,,,,
304,24.969435,1,0,5
,,,,
335,24.950613,1,0,9
,,,,
335,24.982111,0,1,8
,,,,
335,24.962917,1,1,5
,,,,
337,24.993986,0,0,2
,,,,
335,25.024645,0,1,7
,,,,
335,25.005072,1,0,7
,,,,
338,24.986473,0,1,10
,,,,
335,25.017797,0,1,6
,,,,
335,25.0491,1,1,0
,,,,
399,25.03083,1,0,0
,,,,
376,25.01275,0,1,1
,,,,
335,24.995613,0,0,3
,,,,
335,24.980059,0,1,1
,,,,
304,24.962646,0,0,4
,,,,
304,24.943808,1,0,2
,,,,
335,24.924839,1,1,9
,,,,
335,24.909094,1,0,1
,,,,
399,24.891434,0,1,6
,,,,
335,24.921425,1,0,1
,,,,
335,24.904232,0,0,7
,,,,
337,24.93458,0,0,4
,,,,
335,24.917576,0,1,6
,,,,
306,24.901793,1,0,9
,,,,
335,24.88422,0,1,1
,,,,
335,24.869076,1,0,3
,,,,
335,24.852001,1,1,2
,,,,
335,24.834827,1,0,6
,,,,
335,24.821238,1,1,0
,,,,
335,24.803093,0,1,8
,,,,
335,24.786034,0,1,4
,,,,
399,24.77298,0,0,10
,,,,
335,24.757418,1,0,1
,,,,
337,24.741182,1,0,1
,,,,
382,24.774317,0,0,9
,,,,
335,24.75575,1,1,5
,,,,
335,24.738895,0,1,8
,,,,
337,24.77273,1,0,2
,,,,
368,24.754972,0,1,3
,,,,
368,24.737331,0,1,3
,,,,
335,24.720709,1,1,10
,,,,
399,24.703278,0,1,9
,,,,
335,24.685715,1,0,8
,,,,
368,24.668406,0,0,7
,,,,
304,24.651718,1,0,9
,,,,
368,24.63609,0,1,5
,,,,
304,24.61939,0,0,0
,,,,
399,24.650112,1,1,9
,,,,
335,24.679682,0,1,7
,,,,
368,24.661919,0,0,1
,,,,
304,24.644184,0,1,6
,,,,
335,24.625565,0,1,9
,,,,
335,24.60866,0,0,6
,,,,
335,24.591759,1,1,4
,,,,
304,24.573975,1,1,3
,,,,
335,24.55584,0,1,9
,,,,
362,24.538109,0,1,1
,,,,
304,24.520405,0,0,2
,,,,
368,24.501974,1,0,0
,,,,
335,24.531069,1,0,0
,,,,
304,24.56012,1,1,8
,,,,
335,24.589186,0,1,7
,,,,
368,24.572042,0,1,1
,,,,
368,24.601711,0,1,8
,,,,
368,24.584423,0,1,3
,,,,
368,24.568003,0,1,6
,,,,
335,24.552448,1,0,7
,,,,
399,24.54446,1,1,3
,,,,
335,24.527851,0,0,1
,,,,
304,24.510464,1,1,1
,,,,
335,24.53812,0,0,5
,,,,
335,24.520594,1,1,1
,,,,
335,24.502352,0,1,2
,,,,
337,24.485186,0,0,8
,,,,
304,24.468416,0,0,3
,,,,
368,24.452154,1,1,7
,,,,
317,24.480532,1,0,3
,,,,
370,24.509186,1,1,2
,,,,
335,24.4914,1,1,2
,,,,
317.5,24.475718,1,1,1
,,,,
304,24.504362,1,0,9
,,,,
335,24.532974,0,1,6
,,,,
335,24.515963,0,0,9
,,,,
304,24.500216,0,1,9
,,,,
335,24.483713,0,0,4
,,,,
399,24.468292,0,0,5
,,,,
335,24.451466,0,1,8
,,,,
399,24.435097,1,0,3
,,,,
399,24.419807,0,0,6
,,,,
399,24.403702,1,1,6
,,,,
335,24.386974,1,1,0
,,,,
335,24.3696,1,0,3
,,,,
399,24.396187,0,0,4
,,,,
399,24.379196,1,0,6
,,,,
335,24.36208,0,0,10
,,,,
399,24.388231,0,0,2
,,,,
335,24.37275,1,0,2
,,,,
399,24.399363,1,1,0
,,,,
335,24.426203,1,1,8
,,,,
399,24.409931,1,1,7
,,,,
370,24.436361,1,1,6
,,,,
370,24.46236,0,1,9
,,,,
368,24.46236,1,1,6
,,,,
399,24.488714,1,0,5
,,,,
399,24.472359,1,0,5
,,,,
335,24.498302,1,1,9
,,,,
335,24.481237,1,1,8
,,,,
335,24.506804,1,0,10
,,,,
399,24.532698,0,1,7
,,,,
335,24.558945,0,0,4
,,,,
399,24.585093,0,0,4
,,,,
304,24.567814,1,0,0
,,,,
310,24.55158,1,0,4
,,,,
399,24.578018,0,1,10
,,,,
399,24.561356,0,1,2
,,,,
335,24.544655,0,0,6
,,,,
399,24.570374,1,0,3
,,,,
335,24.553541,1,0,2
,,,,
335,24.536585,0,0,3
,,,,
399,24.563389,0,0,5
,,,,
335,24.589792,1,0,0
,,,,
335,24.572931,0,0,10
,,,,
304,24.557278,1,0,10
,,,,
399,24.540527,1,1,8
,,,,
335,24.568546,0,1,3
,,,,
399,24.595074,0,1,0
,,,,
304,24.579613,1,0,0
,,,,
335,24.563545,1,1,9
,,,,
304,24.547277,0,1,3
,,,,
399,24.530605,1,0,5
,,,,
335,24.515324,1,0,3
,,,,
337,24.499056,0,1,0
,,,,
304,24.482454,0,1,8
,,,,
335,24.508558,0,0,1
,,,,
335,24.534647,0,1,5
,,,,
372,24.519058,0,1,3
,,,,
312,24.502848,0,1,3
,,,,
304,24.530306,1,0,0
,,,,
335,24.558054,1,1,8
,,,,
370,24.585455,1,1,1
,,,,
337,24.56874,0,1,3
,,,,
399,24.596428,0,1,2
,,,,
335,24.580082,0,1,9
,,,,
335,24.605991,0,1,7
,,,,
304,24.631802,1,0,2
,,,,
399,24.657604,1,0,6
,,,,
368,24.682325,0,1,6
,,,,
306,24.665977,0,1,0
,,,,
304,24.69066,1,0,2
,,,,
342.5,24.67522,0,0,5
,,,,
304,24.65885,0,0,10
,,,,
317,24.683125,0,1,3
,,,,
335,24.706985,1,1,0
,,,,
304,24.690481,0,0,9
,,,,
337,24.71541,0,1,10
,,,,
335,24.741728,1,1,9
,,,,
370,24.76868,1,1,4
,,,,
335,24.795193,0,1,5
,,,,
368,24.779325,1,0,6
,,,,
304,24.804415,1,1,2
,,,,
399,24.789968,0,1,8
,,,,
399,24.813944,1,0,0
,,,,
304,24.836872,1,1,7
,,,,
304,24.820683,1,0,0
,,,,
368,24.843843,0,1,2
,,,,
374,24.866285,1,1,5
,,,,
337,24.889025,0,0,6
,,,,
335,24.872063,0,0,7
,,,,
399,24.855822,0,0,8
,,,,
335,24.879246,1,0,4
,,,,
368,24.901958,1,1,3
,,,,
368,24.88518,1,1,0
,,,,
335,24.869055,0,0,8
,,,,
399,24.852179,0,0,10
,,,,
335,24.87554,0,0,6
,,,,
368,24.858824,0,1,7
,,,,
310,24.842625,1,0,7
,,,,
390,24.826727,0,1,0
,,,,
368,24.810425,1,0,3
,,,,
310,24.834124,1,1,4
,,,,
399,24.81784,1,0,1
,,,,
335,24.801437,0,0,0
,,,,
399,24.826775,1,1,1
,,,,
399,24.811275,1,1,0
,,,,
335,24.835922,0,0,0
,,,,
399,24.861584,0,0,2
,,,,
335,24.845633,1,1,2
,,,,
335,24.82962,1,1,9
,,,,
399,24.813288,1,1,4
,,,,
335,24.79732,0,0,0
,,,,
335,24.78103,0,0,0
,,,,
335,24.80624,0,0,8
,,,,
399,24.790812,1,1,7
,,,,
399,24.774702,1,0,7
,,,,
399,24.800842,1,0,6
,,,,
335,24.78509,0,0,1
,,,,
310,24.810854,1,0,1
,,,,
399,24.794775,1,0,2
,,,,
370,24.82017,1,1,2
,,,,
335,24.845552,1,1,9
,,,,
399,24.829481,0,1,10
,,,,
399,24.855118,0,1,4
,,,,
399,24.880392,1,0,6
,,,,
368,24.86433,1,0,7
,,,,
399,24.848291,1,0,6
,,,,
335,24.832693,1,0,2
,,,,
335,24.816896,0,0,3
,,,,
399,24.841133,0,1,8
,,,,
399,24.865301,1,1,6
,,,,
368,24.889097,1,0,9
,,,,
335,24.872967,0,1,2
,,,,
335,24.858353,1,0,0
,,,,
335,24.882772,0,1,1
,,,,
335,24.906534,0,0,4
,,,,
399,24.906534,0,0,3
,,,,
335,24.891445,1,0,2
,,,,
335,24.876041,1,1,6
,,,,
335,24.899809,0,1,10
,,,,
399,24.884026,0,1,7
,,,,
335,24.867985,0,0,9
,,,,
399,24.852303,0,0,1
,,,,
335,24.875713,1,0,9
,,,,
335,24.860044,0,0,6
,,,,
368,24.884367,1,1,2
,,,,
399,24.8691,1,0,6
,,,,
399,24.853611,1,0,0
,,,,
335,24.878897,0,0,8
,,,,
399,24.903778,0,1,4
,,,,
399,24.888155,1,0,4
,,,,
335,24.912405,0,1,8
,,,,
368,24.896463,1,0,2
,,,,
399,24.880877,1,0,5
,,,,
399,24.865253,1,1,0
,,,,
399,24.889694,0,0,6
,,,,
335,24.87381,0,0,4
,,,,
399,24.8982,0,0,5
,,,,
399,24.88233,0,1,3
,,,,
335,24.866482,1,0,0
,,,,
399,24.851065,0,1,2
,,,,
335,24.8761,0,1,7
,,,,
399,24.860289,0,0,4
,,,,
368,24.844578,1,1,7
,,,,
304,24.868267,0,1,10
,,,,
335,24.891602,1,0,0
,,,,
335,24.87549,1,1,8
,,,,
399,24.899073,0,1,0
,,,,
368,24.883446,1,1,4
,,,,
399,24.907692,1,1,7
,,,,
335,24.907692,1,1,8
,,,,
304,24.919392,1,0,9
,,,,
335,24.923748,1,1,0
,,,,
304,24.947294,1,1,8
,,,,
335,24.97151,1,0,2
,,,,
335,24.99509,0,0,10
,,,,
335,24.980322,1,0,5
,,,,
304,25.00345,1,0,1
,,,,
304,24.98874,0,1,3
,,,,
304,24.973421,0,1,3
,,,,
304,24.996479,1,1,10
,,,,
335,25.01984,0,0,10
,,,,
399,25.004263,1,1,9
,,,,
335,24.989107,1,0,2
,,,,
399,24.974087,1,1,9
,,,,
335,24.998133,1,0,10
,,,,
304,25.021788,1,0,10
,,,,
335,25.005798,1,0,7
,,,,
304,24.991182,0,1,7
,,,,
368,24.97661,0,1,5
,,,,
335,24.960817,0,1,8
,,,,
399,24.945635,1,1,9
,,,,
335,24.93007,0,1,2
,,,,
370,24.914602,0,1,2
,,,,
376,24.936962,0,1,8
,,,,
335,24.92151,1,1,8
,,,,
335,24.907024,1,0,1
,,,,
335,24.930958,1,0,7
,,,,
335,24.915464,1,0,1
,,,,
304,24.939266,1,0,8
,,,,
335,24.962046,0,1,2
,,,,
335,24.985123,0,0,6
,,,,
335,24.969955,1,1,9
,,,,
335,24.954487,1,1,10
,,,,
368,24.97796,1,1,0
,,,,
335,24.963037,1,1,7
,,,,
335,24.9476,1,1,1
,,,,
335,24.932,0,1,7
,,,,
399,24.955744,0,0,6
,,,,
304,24.94048,0,1,9
,,,,
304,24.963942,1,1,7
,,,,
304,24.948822,1,0,4
,,,,
399,24.933775,1,0,9
,,,,
335,24.957558,0,0,4
,,,,
335,24.980635,0,0,2
,,,,
304,24.965279,1,0,7
,,,,
304,24.950335,1,0,5
,,,,
304,24.934696,1,0,9
,,,,
335,24.958546,0,1,3
,,,,
335,24.982588,1,1,3
,,,,
399,24.967806,0,1,2
,,,,
368,24.992035,1,0,7
,,,,
335,24.97674,0,0,7
,,,,
335,24.999985,1,0,9
,,,,
335,24.985415,0,0,6
,,,,
335,25.008986,0,0,4
,,,,
304,25.032227,0,0,4
,,,,
399,25.016768,1,1,3
,,,,
335,25.040827,0,1,3
,,,,
335,25.06489,1,1,6
,,,,
399,25.049437,0,1,3
,,,,
317.5,25.034008,0,1,0
,,,,
399,25.019045,1,1,5
,,,,
342.5,25.042957,1,1,4
,,,,
399,25.067184,1,1,6
,,,,
335,25.05299,1,1,2
,,,,
399,25.038107,0,1,9
,,,,
399,25.062548,1,0,1
,,,,
335,25.047623,1,1,3
,,,,
335,25.032845,1,0,3
,,,,
399,25.055935,0,1,9
,,,,
399,25.040598,1,0,2
,,,,
335,25.063078,0,0,3
,,,,
304,25.08556,0,1,5
,,,,
335,25.070545,0,1,5
,,,,
387.5,25.055809,1,0,0
,,,,
335,25.040966,1,0,2
,,,,
335,25.026266,1,0,9
,,,,
335,25.049295,0,0,2
,,,,
335,25.07142,1,1,0
,,,,
335,25.057043,0,1,2
,,,,
399,25.043589,1,1,1
,,,,
399,25.02912,0,0,10
,,,,
335,25.014095,0,0,8
,,,,
335,25.03532,0,0,10
,,,,
335,25.05644,1,0,2
,,,,
335,25.041248,0,0,3
,,,,
399,25.025944,0,0,7
,,,,
335,25.011097,1,0,2
,,,,
335,24.996141,0,0,6
,,,,
335,24.981205,0,0,1
,,,,
335,24.966417,0,0,7
,,,,
335,24.951643,1,0,4
,,,,
368,24.972748,0,1,7
,,,,
399,24.99364,0,1,10
,,,,
399,25.014816,1,0,9
,,,,
368,25.000437,0,1,5
,,,,
335,25.021454,1,1,8
,,,,
399,25.006397,0,1,9
,,,,
304,25.028551,1,1,5
,,,,
335,25.013813,1,1,4
,,,,
399,25.03566,0,1,10
,,,,
335,25.020884,1,0,9
,,,,
368,25.00618,0,0,10
,,,,
335,25.028107,1,0,8
,,,,
399,25.013544,0,0,7
,,,,
335,25.035017,0,0,6
,,,,
399,25.020214,0,1,2
,,,,
304,25.041555,1,1,6
,,,,
368,25.062824,0,1,2
,,,,
399,25.04872,0,1,8
,,,,
399,25.034702,1,1,10
,,,,
399,25.020073,1,1,10
,,,,
356.5,25.005762,0,0,8
,,,,
335,24.991169,1,1,6
,,,,
335,25.012959,0,0,9
,,,,
399,25.034807,0,0,10
,,,,
335,25.02078,1,0,10
,,,,
399,25.007076,1,0,2
,,,,
335,24.993185,1,0,3
,,,,
335,24.97883,1,0,10
,,,,
399,24.964848,0,0,7
,,,,
335,24.950903,0,1,8
,,,,
375.5,24.937048,1,1,5
,,,,
335,24.922832,0,1,7
,,,,
338,24.945934,1,1,10
,,,,
304,24.968702,0,0,10
,,,,
306,24.954243,0,0,0
,,,,
304,24.97731,0,1,3
,,,,
304,25.00005,0,1,1
,,,,
368,24.985847,0,0,5
,,,,
368,25.008001,1,0,1
,,,,
304,25.030085,1,1,0
,,,,
399,25.01582,1,1,1
,,,,
310,25.001945,0,0,7
,,,,
368,24.988974,0,1,4
,,,,
317,25.010183,1,1,9
,,,,
380,25.010183,1,1,10
,,,,
335,25.031708,0,1,10
,,,,
304,25.018782,1,0,10
,,,,
335,25.005531,1,0,4
,,,,
335,24.992428,0,0,6
,,,,
399,24.980103,0,1,2
,,,,
399,24.966667,1,1,9
,,,,
368,24.954319,1,1,5
,,,,
368,24.940744,1,1,4
,,,,
304,24.93018,1,0,8
,,,,
399,24.918816,0,0,4
,,,,
335,24.940706,1,1,8
,,,,
395.5,24.96281,0,1,5
,,,,
368,24.94972,1,0,5
,,,,
399,24.938423,1,0,1
,,,,
335,24.938423,1,0,2
,,,,
335,24.947178,1,1,6
,,,,
335,24.941446,1,0,4
,,,,
368,24.947369,0,0,8
,,,,
335,24.95879,1,0,7
,,,,
399,24.963163,1,0,6
,,,,
399,24.950699,0,1,1
,,,,
368,24.93662,1,0,2
,,,,
304,24.922981,1,1,7
,,,,
399,24.943666,0,0,0
,,,,
399,24.964659,1,0,4
,,,,
399,24.951027,0,1,10
,,,,
399,24.93729,1,0,6
,,,,
335,24.923763,1,1,4
,,,,
335,24.909882,1,1,7
,,,,
399,24.895773,0,1,1
,,,,
353.5,24.881855,0,1,6
,,,,
335,24.902956,0,1,10
,,,,
335,24.889051,0,0,4
,,,,
335,24.874987,1,0,6
,,,,
335,24.860817,0,0,10
,,,,
335,24.846664,0,1,10
,,,,
399,24.831936,0,1,1
,,,,
368,24.854555,1,1,5
,,,,
335,24.84092,1,0,2
,,,,
304,24.827177,1,0,5
,,,,
399,24.81375,1,0,1
,,,,
368,24.800163,1,1,0
,,,,
335,24.787619,0,1,2
,,,,
368,24.80905,0,0,4
,,,,
335,24.7953,1,0,9
,,,,
368,24.816374,0,0,8
,,,,
335,24.837152,1,1,6
,,,,
368,24.857967,1,1,9
,,,,
335,24.84363,0,0,9
,,,,
335,24.829967,1,0,5
,,,,
335,24.851503,0,0,1
,,,,
335,24.872986,1,0,5
,,,,
335,24.85926,0,1,10
,,,,
304,24.844965,1,1,3
,,,,
335,24.831272,1,1,3
,,,,
335,24.817719,1,0,10
,,,,
304,24.828182,1,1,2
,,,,
335,24.832071,0,1,3
,,,,
304,24.818123,1,0,5
,,,,
335,24.80419,0,0,4
,,,,
306,24.790102,0,1,4
,,,,
335,24.777079,1,1,3
,,,,
368,24.798433,0,1,0
,,,,
335,24.81922,1,0,1
,,,,
399,24.805328,0,1,5
,,,,
335,24.791742,0,1,2
,,,,
335,24.778173,1,1,9
,,,,
368,24.764738,0,0,3
,,,,
335,24.751324,0,0,4
,,,,
335,24.771832,1,0,7
,,,,
335,24.758495,1,1,4
,,,,
399,24.745104,1,1,2
,,,,
335,24.731947,0,1,7
,,,,
335,24.75309,0,0,7
,,,,
399,24.773802,0,0,10
,,,,
399,24.760315,0,0,5
,,,,
335,24.747372,1,1,6
,,,,
399,24.768072,1,0,6
,,,,
399,24.788559,0,0,7
,,,,
368,24.774925,0,0,4
,,,,
399,24.795475,0,1,2
,,,,
335,24.781445,1,1,1
,,,,
304,24.767717,0,0,10
,,,,
335,24.754128,1,0,6
,,,,
304,24.774223,0,1,9
,,,,
335,24.794584,1,0,0
,,,,
335,24.780949,0,1,6
,,,,
335,24.801214,0,1,8
,,,,
399,24.787811,0,0,5
,,,,
304,24.773848,1,0,2
,,,,
304,24.760899,1,1,9
,,,,
399,24.747492,1,0,4
,,,,
335,24.768244,0,0,10
,,,,
399,24.755081,0,1,2
,,,,
399,24.74211,1,1,0
,,,,
399,24.762411,0,1,0
,,,,
335,24.749159,1,0,4
,,,,
335,24.769318,1,1,3
,,,,
335,24.78975,1,1,6
,,,,
335,24.77598,0,0,2
,,,,
399,24.796125,0,0,6
,,,,
335,24.816252,1,1,0
,,,,
399,24.802944,1,0,5
,,,,
335,24.8234,0,1,7
,,,,
399,24.809822,0,0,10
,,,,
335,24.830734,0,1,8
,,,,
335,24.851307,1,1,1
,,,,
335,24.838087,1,0,8
,,,,
335,24.824532,0,0,8
,,,,
399,24.810991,1,1,7
,,,,
399,24.797585,1,0,4
,,,,
399,24.818897,1,1,5
,,,,
304,24.839567,0,0,0
,,,,
335,24.826685,1,1,10
,,,,
335,24.84808,1,1,6
,,,,
368,24.869383,1,0,7
,,,,
368,24.856153,1,0,10
,,,,
304,24.84294,1,1,4
,,,,
335,24.829575,1,1,3
,,,,
399,24.850876,0,1,0
,,,,
304,24.837753,0,0,6
,,,,
399,24.858461,1,0,6
,,,,
304,24.845469,0,1,9
,,,,
304,24.83237,0,0,0
,,,,
335,24.819174,1,1,1
,,,,
335,24.819174,1,0,9
,,,,
335,24.80604,1,1,6
,,,,
304,24.793102,0,1,5
,,,,
335,24.779835,0,1,7
,,,,
399,24.766811,1,0,1
,,,,
335,24.78724,1,0,8
,,,,
304,24.80759,0,1,0
,,,,
399,24.827682,0,0,5
,,,,
335,24.848032,1,0,8
,,,,
335,24.8355,1,0,0
,,,,
335,24.856138,0,0,1
,,,,
335,24.842777,1,1,10
,,,,
370,24.829662,1,1,0
,,,,
335,24.816051,0,1,7
,,,,
304,24.837204,1,0,6
,,,,
399,24.823324,1,1,6
,,,,
335,24.810087,0,0,7
,,,,
335,24.796518,0,1,5
,,,,
399,24.815939,1,0,3
,,,,
335,24.835617,0,1,4
,,,,
399,24.855196,1,0,9
,,,,
335,24.842358,1,0,8
,,,,
335,24.862814,0,1,8
,,,,
399,24.849653,0,0,3
,,,,
335,24.869383,1,1,5
,,,,
335,24.889093,1,1,2
,,,,
335,24.909283,1,1,7
,,,,
368,24.929415,0,0,2
,,,,
399,24.915861,1,0,0
,,,,
399,24.902437,1,0,2
,,,,
335,24.889257,1,0,1
,,,,
368,24.908937,1,1,4
,,,,
335,24.92914,1,0,10
,,,,
304,24.949192,1,0,2
,,,,
335,24.96911,1,0,4
,,,,
335,24.95632,0,0,6
,,,,
368,24.975544,1,1,1
,,,,
335,24.962767,1,0,8
,,,,
331.5,24.982355,0,0,10
,,,,
335,24.969246,0,0,4
,,,,
399,24.95615,0,0,4
,,,,
335,24.97634,0,0,5
,,,,
335,24.963736,1,0,7
,,,,
399,24.983475,1,0,7
,,,,
335,24.970966,0,0,3
,,,,
335,24.957905,1,0,9
,,,,
399,24.945799,1,1,1
,,,,
399,24.965574,1,0,0
,,,,
335,24.985367,0,0,3
,,,,
304,25.004862,1,1,9
,,,,
368,25.02437,1,1,8
,,,,
335,25.044308,0,0,6
,,,,
368,25.064314,1,0,0
,,,,
399,25.051598,0,1,10
,,,,
335,25.070902,1,0,10
,,,,
399,25.09001,0,1,6
,,,,
304,25.077122,0,1,2
,,,,
335,25.096518,1,1,2
,,,,
335,25.116222,0,0,5
,,,,
335,25.103342,0,1,5
,,,,
335,25.090973,0,0,9
,,,,
304,25.078121,0,0,9
,,,,
399,25.065937,1,1,2
,,,,
335,25.053066,0,1,9
,,,,
335,25.07192,0,1,1
,,,,
306,25.059149,1,1,1
,,,,
335,25.068647,0,0,6
,,,,
335,25.071552,0,0,6
,,,,
399,25.058933,0,1,4
,,,,
335,25.052517,1,0,0
,,,,
335,25.046577,0,0,6
,,,,
368,25.040167,0,1,8
,,,,
335,25.02752,0,1,5
,,,,
399,25.01477,0,0,6
,,,,
335,25.033812,0,1,0
,,,,
399,25.020803,1,1,10
,,,,
399,25.007538,1,0,0
,,,,
368,24.995321,0,0,10
,,,,
368,25.014782,0,1,7
,,,,
304,25.03445,1,1,5
,,,,
368,25.022394,1,1,1
,,,,
335,25.041185,0,0,1
,,,,
335,25.028284,1,1,1
,,,,
306,25.015064,1,0,5
,,,,
399,25.002794,1,1,2
,,,,
335,24.989603,0,1,0
,,,,
335,24.976809,1,1,7
,,,,
310,24.964247,1,0,0
,,,,
335,24.952879,0,1,9
,,,,
304,24.942966,1,0,0
,,,,
399,24.929955,0,1,5
,,,,
335,24.917112,0,1,2
,,,,
335,24.936941,0,0,0
,,,,
335,24.924868,1,1,9
,,,,
335,24.94499,0,0,6
,,,,
335,24.932991,0,0,9
,,,,
335,24.922678,1,1,6
,,,,
399,24.922678,1,0,9
,,,,
399,24.930176,1,0,10
,,,,
368,24.936314,0,1,9
,,,,
335,24.923363,1,1,5
,,,,
399,24.942379,0,1,1
,,,,
399,24.930193,1,0,4
,,,,
399,24.91769,1,1,7
,,,,
335,24.936914,1,0,3
,,,,
335,24.924265,0,1,0
,,,,
399,24.91163,1,1,7
,,,,
399,24.899801,1,1,8
,,,,
335,24.888235,1,0,3
,,,,
335,24.875637,1,0,5
,,,,
399,24.862946,1,1,4
,,,,
335,24.883217,0,0,3
,,,,
335,24.902977,0,1,1
,,,,
399,24.922754,1,1,1
,,,,
335,24.910439,1,1,5
,,,,
335,24.92903,1,1,10
,,,,
304,24.917248,0,0,5
,,,,
368,24.904642,0,1,4
,,,,
335,24.891724,1,1,4
,,,,
335,24.910093,1,1,2
,,,,
335,24.928709,0,0,1
,,,,
399,24.916061,0,0,5
,,,,
335,24.903273,1,1,6
,,,,
335,24.890388,0,1,6
,,,,
304,24.87835,1,1,3
,,,,
337,24.897419,1,0,9
,,,,
370,24.915686,1,1,3
,,,,
304,24.903193,0,1,1
,,,,
335,24.921595,0,0,2
,,,,
304,24.940235,0,1,7
,,,,
304,24.959072,0,0,9
,,,,
399,24.946321,1,1,5
,,,,
335,24.965355,1,1,5
,,,,
304,24.953093,1,0,10
,,,,
399,24.972708,1,1,5
,,,,
399,24.991182,0,1,6
,,,,
399,24.97942,0,0,5
,,,,
399,24.967222,0,0,2
,,,,
312,24.985668,1,0,0
,,,,
399,25.004314,0,0,4
,,,,
382,24.9924,1,0,5
,,,,
399,25.012253,1,0,2
,,,,
399,25.031336,0,1,7
,,,,
368,25.031336,1,0,4
,,,,
399,25.019608,0,1,1
,,,,
335,25.007847,1,0,6
,,,,
304,24.995165,1,1,2
,,,,
399,24.98308,0,1,10
,,,,
399,25.001173,0,0,2
,,,,
399,25.019468,0,1,2
,,,,
399,25.006958,1,1,8
,,,,
368,24.994762,0,0,3
,,,,
399,24.982492,0,0,4
,,,,
368,25.000244,1,1,0
,,,,
304,24.987877,1,1,1
,,,,
399,24.97548,0,0,8
,,,,
368,24.993755,1,1,4
,,,,
399,24.981304,0,1,3
,,,,
399,24.969122,1,0,1
,,,,
335,24.956438,1,1,9
,,,,
399,24.944836,1,0,1
,,,,
335,24.933014,1,1,5
,,,,
337,24.921267,1,0,4
,,,,
335,24.90921,0,0,0
,,,,
399,24.897106,0,0,9
,,,,
335,24.885336,0,1,5
,,,,
399,24.873104,0,1,3
,,,,
399,24.86084,0,1,0
,,,,
304,24.880497,0,1,9
,,,,
399,24.90064,0,1,7
,,,,
368,24.92032,0,0,8
,,,,
399,24.939436,0,1,3
,,,,
399,24.927773,0,0,7
,,,,
399,24.915459,1,0,8
,,,,
368,24.933819,0,0,10
,,,,
335,24.95161,1,1,6
,,,,
399,24.939302,0,1,4
,,,,
399,24.927477,1,1,10
,,,,
399,24.916529,0,1,3
,,,,
335,24.905071,1,1,5
,,,,
399,24.905071,0,0,10
,,,,
399,24.912533,0,0,6
,,,,
335,24.908875,0,0,10
,,,,
399,24.905565,1,0,2
,,,,
399,24.910204,0,0,6
,,,,
399,24.923756,0,1,3
,,,,
335,24.911762,0,0,6
,,,,
335,24.930534,1,1,5
,,,,
399,24.919859,0,1,9
,,,,
335,24.93877,1,0,10
,,,,
335,24.927168,0,1,4
,,,,
304,24.94593,0,1,7
,,,,
335,24.964949,1,0,2
,,,,
304,24.953037,0,1,1
,,,,
304,24.971909,1,1,7
,,,,
304,24.991415,1,1,0
,,,,
335,24.9793,0,0,9
,,,,
304,24.998255,1,0,8
,,,,
304,24.987122,1,1,8
,,,,
399,25.005245,0,1,8
,,,,
304,25.02386,1,1,5
,,,,
304,25.042376,0,0,6
,,,,
335,25.030375,0,0,0
,,,,
304,25.048103,0,0,6
,,,,
368,25.0663,1,1,2
,,,,
335,25.054514,1,0,8
,,,,
399,25.072378,1,1,9
,,,,
304,25.090055,1,0,1
,,,,
335,25.078217,0,1,5
,,,,
304,25.06603,0,0,9
,,,,
335,25.083658,1,1,1
,,,,
335,25.072525,0,0,8
,,,,
335,25.061178,1,0,1
,,,,
399,25.050213,0,0,5
,,,,
335,25.067453,0,0,2
,,,,
335,25.085497,0,0,3
,,,,
335,25.103521,1,0,2
,,,,
335,25.092186,1,1,2
,,,,
399,25.080467,0,1,5
,,,,
387.5,25.06855,0,1,0
,,,,
399,25.057636,1,1,7
,,,,
335,25.046097,1,1,10
,,,,
304,25.063265,0,1,0
,,,,
304,25.053051,1,1,2
,,,,
399,25.04143,0,1,7
,,,,
317,25.059244,0,0,7
,,,,
381.5,25.047674,1,0,3
,,,,
399,25.047674,1,0,4
,,,,
399,25.066006,1,0,1
,,,,
304,25.054253,1,1,1
,,,,
399,25.072136,0,1,6
,,,,
335,25.060186,0,1,2
,,,,
348,25.047644,0,0,2
,,,,
399,25.035614,0,0,3
,,,,
399,25.023596,1,1,6
,,,,
304,25.041128,1,1,2
,,,,
399,25.028975,1,0,5
,,,,
399,25.046946,0,0,5
,,,,
335,25.035486,0,0,3
,,,,
335,25.05291,1,0,2
,,,,
335,25.070784,0,0,1
,,,,
399,25.058891,1,1,5
,,,,
399,25.07716,1,0,10
,,,,
335,25.065424,1,0,3
,,,,
399,25.083843,0,0,1
,,,,
399,25.072515,1,0,10
,,,,
335,25.072515,0,0,5
,,,,
335,25.072515,0,1,6
,,,,
399,25.061567,1,1,0
,,,,
399,25.080345,1,1,10
,,,,
399,25.068886,1,1,3
,,,,
335,25.087055,1,1,8
,,,,
335,25.075314,1,0,3
